<?xml version="1.0" encoding="ISO-8859-1"?> 
<?xml-stylesheet href="latest_ob.xsl" type="text/xsl"?>
<current_observation version="1.0"
	 xmlns:xsd="http://www.w3.org/2001/XMLSchema"
	 xmlns:xsi="http://www.w3.org/2001/XMLSchema-instance"
	 xsi:noNamespaceSchemaLocation="http://www.weather.gov/view/current_observation.xsd">
	<credit>NOAA's National Weather Service</credit>
	<credit_URL>http://weather.gov/</credit_URL>
	<image>
		<url>http://weather.gov/images/xml_logo.gif</url>
		<title>NOAA's National Weather Service</title>
		<link>http://weather.gov</link>
	</image>
	<suggested_pickup>15 minutes after the hour</suggested_pickup>
	<suggested_pickup_period>60</suggested_pickup_period>
	<location>Red Sea</location>
	<station_id>23020</station_id>
	<latitude>22.161</latitude>
	<longitude>38.501</longitude>
	<observation_time>Last Updated on Nov 7 2009, 1:50 am ST </observation_time>
        <observation_time_rfc822>Sat,  7 Nov 2009 01:50:00 +0000</observation_time_rfc822>
	<wave_height_m>0.7</wave_height_m>
	<wave_height_ft>2.30</wave_height_ft>
	<dominant_period_sec>6</dominant_period_sec>
	<average_period_sec>5.1</average_period_sec>
	<disclaimer_url>http://weather.gov/disclaimer.html</disclaimer_url>
	<copyright_url>http://weather.gov/disclaimer.html</copyright_url>
	<privacy_policy_url>http://weather.gov/notice.html</privacy_policy_url>
</current_observation>
