<?xml version="1.0" encoding="ISO-8859-1"?> 
<?xml-stylesheet href="latest_ob.xsl" type="text/xsl"?>
<current_observation version="1.0"
	 xmlns:xsd="http://www.w3.org/2001/XMLSchema"
	 xmlns:xsi="http://www.w3.org/2001/XMLSchema-instance"
	 xsi:noNamespaceSchemaLocation="http://www.weather.gov/view/current_observation.xsd">
	<credit>NOAA's National Weather Service</credit>
	<credit_URL>http://weather.gov/</credit_URL>
	<image>
		<url>http://weather.gov/images/xml_logo.gif</url>
		<title>NOAA's National Weather Service</title>
		<link>http://weather.gov</link>
	</image>
	<suggested_pickup>15 minutes after the hour</suggested_pickup>
	<suggested_pickup_period>60</suggested_pickup_period>
	<location>Bahia Solano, Colombia</location>
	<station_id>32488</station_id>
	<latitude>6.258</latitude>
	<longitude>-77.511</longitude>
	<observation_time>Last Updated on Oct 15 2009, 9:10 pm EST</observation_time>
        <observation_time_rfc822>Thu, 15 Oct 2009 21:10:00 -0500</observation_time_rfc822>
	<water_temp_f>84.7</water_temp_f>
	<water_temp_c>29.3</water_temp_c>
	<wave_height_m>1</wave_height_m>
	<wave_height_ft>3.28</wave_height_ft>
	<dominant_period_sec>15</dominant_period_sec>
	<mean_wave_dir>West</mean_wave_dir>
	<mean_wave_degrees></mean_wave_degrees>
	<disclaimer_url>http://weather.gov/disclaimer.html</disclaimer_url>
	<copyright_url>http://weather.gov/disclaimer.html</copyright_url>
	<privacy_policy_url>http://weather.gov/notice.html</privacy_policy_url>
</current_observation>
