<?xml version="1.0" encoding="ISO-8859-1"?> 
<?xml-stylesheet href="latest_ob.xsl" type="text/xsl"?>
<current_observation version="1.0"
	 xmlns:xsd="http://www.w3.org/2001/XMLSchema"
	 xmlns:xsi="http://www.w3.org/2001/XMLSchema-instance"
	 xsi:noNamespaceSchemaLocation="http://www.weather.gov/view/current_observation.xsd">
	<credit>NOAA's National Weather Service</credit>
	<credit_URL>http://weather.gov/</credit_URL>
	<image>
		<url>http://weather.gov/images/xml_logo.gif</url>
		<title>NOAA's National Weather Service</title>
		<link>http://weather.gov</link>
	</image>
	<suggested_pickup>15 minutes after the hour</suggested_pickup>
	<suggested_pickup_period>60</suggested_pickup_period>
	<location>Cape Canaveral Nearshore, FL (143)</location>
	<station_id>41113</station_id>
	<latitude>28.4</latitude>
	<longitude>-80.53</longitude>
	<observation_time>Last Updated on Nov 6 2009, 8:51 pm EST</observation_time>
        <observation_time_rfc822>Fri,  6 Nov 2009 20:51:00 -0500</observation_time_rfc822>
	<water_temp_f>75.6</water_temp_f>
	<water_temp_c>24.2</water_temp_c>
	<wave_height_m>1.1</wave_height_m>
	<wave_height_ft>3.61</wave_height_ft>
	<dominant_period_sec>6</dominant_period_sec>
	<average_period_sec>4.4</average_period_sec>
	<mean_wave_dir>East</mean_wave_dir>
	<mean_wave_degrees>80</mean_wave_degrees>
	<disclaimer_url>http://weather.gov/disclaimer.html</disclaimer_url>
	<copyright_url>http://weather.gov/disclaimer.html</copyright_url>
	<privacy_policy_url>http://weather.gov/notice.html</privacy_policy_url>
</current_observation>
