<?xml version="1.0" encoding="ISO-8859-1"?> 
<?xml-stylesheet href="latest_ob.xsl" type="text/xsl"?>
<current_observation version="1.0"
	 xmlns:xsd="http://www.w3.org/2001/XMLSchema"
	 xmlns:xsi="http://www.w3.org/2001/XMLSchema-instance"
	 xsi:noNamespaceSchemaLocation="http://www.weather.gov/view/current_observation.xsd">
	<credit>NOAA's National Weather Service</credit>
	<credit_URL>http://weather.gov/</credit_URL>
	<image>
		<url>http://weather.gov/images/xml_logo.gif</url>
		<title>NOAA's National Weather Service</title>
		<link>http://weather.gov</link>
	</image>
	<suggested_pickup>15 minutes after the hour</suggested_pickup>
	<suggested_pickup_period>60</suggested_pickup_period>
	<location>Freeport, TX 60 NM South of Freeport, TX</location>
	<station_id>42019</station_id>
	<latitude>27.913</latitude>
	<longitude>-95.36</longitude>
	<observation_time>Last Updated on Nov 6 2009, 7:50 pm CST</observation_time>
        <observation_time_rfc822>Fri,  6 Nov 2009 19:50:00 -0600</observation_time_rfc822>
	<wind_string>from the East at 13.4 gusting to 15.7 MPH (11.66 gusting to 13.6 KT)</wind_string>
	<wind_dir>East</wind_dir>
	<wind_degrees>80</wind_degrees>
	<wind_mph>13.4</wind_mph>
	<wind_gust_mph>15.7</wind_gust_mph>
	<wind_kt>11.66</wind_kt>
	<wind_gust_kt>13.6</wind_gust_kt>
	<pressure_string>1019.7 mb</pressure_string>
	<pressure_mb>1019.7</pressure_mb>
	<pressure_tendency_mb>0.0</pressure_tendency_mb>
	<wave_height_m>1.1</wave_height_m>
	<wave_height_ft>3.61</wave_height_ft>
	<dominant_period_sec>8</dominant_period_sec>
	<average_period_sec>5.9</average_period_sec>
	<mean_wave_dir>East</mean_wave_dir>
	<mean_wave_degrees>102</mean_wave_degrees>
	<disclaimer_url>http://weather.gov/disclaimer.html</disclaimer_url>
	<copyright_url>http://weather.gov/disclaimer.html</copyright_url>
	<privacy_policy_url>http://weather.gov/notice.html</privacy_policy_url>
</current_observation>
