<?xml version="1.0" encoding="ISO-8859-1"?> 
<?xml-stylesheet href="latest_ob.xsl" type="text/xsl"?>
<current_observation version="1.0"
	 xmlns:xsd="http://www.w3.org/2001/XMLSchema"
	 xmlns:xsi="http://www.w3.org/2001/XMLSchema-instance"
	 xsi:noNamespaceSchemaLocation="http://www.weather.gov/view/current_observation.xsd">
	<credit>NOAA's National Weather Service</credit>
	<credit_URL>http://weather.gov/</credit_URL>
	<image>
		<url>http://weather.gov/images/xml_logo.gif</url>
		<title>NOAA's National Weather Service</title>
		<link>http://weather.gov</link>
	</image>
	<suggested_pickup>15 minutes after the hour</suggested_pickup>
	<suggested_pickup_period>60</suggested_pickup_period>
	<location>C14 - Pasco County Buoy, FL</location>
	<station_id>42021</station_id>
	<latitude>28.311</latitude>
	<longitude>-83.306</longitude>
	<observation_time>Last Updated on Nov 6 2009, 8:40 pm EST</observation_time>
        <observation_time_rfc822>Fri,  6 Nov 2009 20:40:00 -0500</observation_time_rfc822>
	<temperature_string>73.4 F (23.0 C)</temperature_string>
	<temp_f>73.4</temp_f>
	<temp_c>23.0</temp_c>
	<water_temp_f>75.6</water_temp_f>
	<water_temp_c>24.2</water_temp_c>
	<wind_string>from the East at 22.4 gusting to 24.6 MPH (19.43 gusting to 21.38 KT)</wind_string>
	<wind_dir>East</wind_dir>
	<wind_degrees>80</wind_degrees>
	<wind_mph>22.4</wind_mph>
	<wind_gust_mph>24.6</wind_gust_mph>
	<wind_kt>19.43</wind_kt>
	<wind_gust_kt>21.38</wind_gust_kt>
	<pressure_string>1022.0 mb</pressure_string>
	<pressure_mb>1022.0</pressure_mb>
	<mean_wave_dir>East</mean_wave_dir>
	<mean_wave_degrees></mean_wave_degrees>
	<disclaimer_url>http://weather.gov/disclaimer.html</disclaimer_url>
	<copyright_url>http://weather.gov/disclaimer.html</copyright_url>
	<privacy_policy_url>http://weather.gov/notice.html</privacy_policy_url>
</current_observation>
