<?xml version="1.0" encoding="ISO-8859-1"?> 
<?xml-stylesheet href="latest_ob.xsl" type="text/xsl"?>
<current_observation version="1.0"
	 xmlns:xsd="http://www.w3.org/2001/XMLSchema"
	 xmlns:xsi="http://www.w3.org/2001/XMLSchema-instance"
	 xsi:noNamespaceSchemaLocation="http://www.weather.gov/view/current_observation.xsd">
	<credit>NOAA's National Weather Service</credit>
	<credit_URL>http://weather.gov/</credit_URL>
	<image>
		<url>http://weather.gov/images/xml_logo.gif</url>
		<title>NOAA's National Weather Service</title>
		<link>http://weather.gov</link>
	</image>
	<suggested_pickup>15 minutes after the hour</suggested_pickup>
	<suggested_pickup_period>60</suggested_pickup_period>
	<location>Buoy A0102 - Mass. Bay/Stellwagen</location>
	<station_id>44029</station_id>
	<latitude>42.52</latitude>
	<longitude>-70.57</longitude>
	<observation_time>Last Updated on Nov 6 2009, 8:04 pm EST</observation_time>
        <observation_time_rfc822>Fri,  6 Nov 2009 20:04:00 -0500</observation_time_rfc822>
	<temperature_string>40.8 F (4.9 C)</temperature_string>
	<temp_f>40.8</temp_f>
	<temp_c>4.9</temp_c>
	<water_temp_f>50.5</water_temp_f>
	<water_temp_c>10.3</water_temp_c>
	<wind_string>from the Northwest at 20.1 gusting to 24.6 MPH (17.49 gusting to 21.38 KT)</wind_string>
	<wind_dir>Northwest</wind_dir>
	<wind_degrees>320</wind_degrees>
	<wind_mph>20.1</wind_mph>
	<wind_gust_mph>24.6</wind_gust_mph>
	<wind_kt>17.49</wind_kt>
	<wind_gust_kt>21.38</wind_gust_kt>
	<pressure_string>1023.3 mb</pressure_string>
	<pressure_mb>1023.3</pressure_mb>
	<pressure_tendency_mb>2.2</pressure_tendency_mb>
	<windchill_string>32 F (0 C)</windchill_string>
      	<windchill_f>32</windchill_f>
      	<windchill_c>0</windchill_c>
	<visibility_mi>1.60</visibility_mi>
	<wave_height_m>2.1</wave_height_m>
	<wave_height_ft>6.89</wave_height_ft>
	<dominant_period_sec>8</dominant_period_sec>
	<mean_wave_dir>Northwest</mean_wave_dir>
	<mean_wave_degrees></mean_wave_degrees>
	<disclaimer_url>http://weather.gov/disclaimer.html</disclaimer_url>
	<copyright_url>http://weather.gov/disclaimer.html</copyright_url>
	<privacy_policy_url>http://weather.gov/notice.html</privacy_policy_url>
</current_observation>
