<?xml version="1.0" encoding="ISO-8859-1"?> 
<?xml-stylesheet href="latest_ob.xsl" type="text/xsl"?>
<current_observation version="1.0"
	 xmlns:xsd="http://www.w3.org/2001/XMLSchema"
	 xmlns:xsi="http://www.w3.org/2001/XMLSchema-instance"
	 xsi:noNamespaceSchemaLocation="http://www.weather.gov/view/current_observation.xsd">
	<credit>NOAA's National Weather Service</credit>
	<credit_URL>http://weather.gov/</credit_URL>
	<image>
		<url>http://weather.gov/images/xml_logo.gif</url>
		<title>NOAA's National Weather Service</title>
		<link>http://weather.gov</link>
	</image>
	<suggested_pickup>15 minutes after the hour</suggested_pickup>
	<suggested_pickup_period>60</suggested_pickup_period>
	<location>Banqureau Banks</location>
	<station_id>44139</station_id>
	<latitude>44.267</latitude>
	<longitude>-57.084</longitude>
	<observation_time>Last Updated on Nov 7 2009, 2:00 am NST </observation_time>
        <observation_time_rfc822>Sat,  7 Nov 2009 02:00:00 +0000</observation_time_rfc822>
	<water_temp_f>43.7</water_temp_f>
	<water_temp_c>6.5</water_temp_c>
	<wind_string>from the West at 33.5 gusting to 42.5 MPH (29.15 gusting to 36.93 KT)</wind_string>
	<wind_dir>West</wind_dir>
	<wind_degrees>270</wind_degrees>
	<wind_mph>33.5</wind_mph>
	<wind_gust_mph>42.5</wind_gust_mph>
	<wind_kt>29.15</wind_kt>
	<wind_gust_kt>36.93</wind_gust_kt>
	<pressure_string>994.9 mb</pressure_string>
	<pressure_mb>994.9</pressure_mb>
	<pressure_tendency_mb>0.8</pressure_tendency_mb>
	<windchill_string>46 F (8 C)</windchill_string>
      	<windchill_f>46</windchill_f>
      	<windchill_c>8</windchill_c>
	<wave_height_m>5.2</wave_height_m>
	<wave_height_ft>17.06</wave_height_ft>
	<dominant_period_sec>11</dominant_period_sec>
	<mean_wave_dir>Northeast</mean_wave_dir>
	<mean_wave_degrees></mean_wave_degrees>
	<disclaimer_url>http://weather.gov/disclaimer.html</disclaimer_url>
	<copyright_url>http://weather.gov/disclaimer.html</copyright_url>
	<privacy_policy_url>http://weather.gov/notice.html</privacy_policy_url>
</current_observation>
