<?xml version="1.0" encoding="ISO-8859-1"?> 
<?xml-stylesheet href="latest_ob.xsl" type="text/xsl"?>
<current_observation version="1.0"
	 xmlns:xsd="http://www.w3.org/2001/XMLSchema"
	 xmlns:xsi="http://www.w3.org/2001/XMLSchema-instance"
	 xsi:noNamespaceSchemaLocation="http://www.weather.gov/view/current_observation.xsd">
	<credit>NOAA's National Weather Service</credit>
	<credit_URL>http://weather.gov/</credit_URL>
	<image>
		<url>http://weather.gov/images/xml_logo.gif</url>
		<title>NOAA's National Weather Service</title>
		<link>http://weather.gov</link>
	</image>
	<suggested_pickup>15 minutes after the hour</suggested_pickup>
	<suggested_pickup_period>60</suggested_pickup_period>
	<location>Halifax Harbour</location>
	<station_id>44258</station_id>
	<latitude>44.5</latitude>
	<longitude>-63.4</longitude>
	<observation_time>Last Updated on Nov 7 2009, 1:00 am NST </observation_time>
        <observation_time_rfc822>Sat,  7 Nov 2009 01:00:00 +0000</observation_time_rfc822>
	<temperature_string>38.8 F (3.8 C)</temperature_string>
	<temp_f>38.8</temp_f>
	<temp_c>3.8</temp_c>
	<water_temp_f>50.5</water_temp_f>
	<water_temp_c>10.3</water_temp_c>
	<wind_string>from the North at 31.3 gusting to 40.3 MPH (27.21 gusting to 34.98 KT)</wind_string>
	<wind_dir>North</wind_dir>
	<wind_degrees>340</wind_degrees>
	<wind_mph>31.3</wind_mph>
	<wind_gust_mph>40.3</wind_gust_mph>
	<wind_kt>27.21</wind_kt>
	<wind_gust_kt>34.98</wind_gust_kt>
	<pressure_string>1010.5 mb</pressure_string>
	<pressure_mb>1010.5</pressure_mb>
	<pressure_tendency_mb>3.2</pressure_tendency_mb>
	<windchill_string>27 F (-3 C)</windchill_string>
      	<windchill_f>27</windchill_f>
      	<windchill_c>-3</windchill_c>
	<wave_height_m>2</wave_height_m>
	<wave_height_ft>6.56</wave_height_ft>
	<dominant_period_sec>11</dominant_period_sec>
	<mean_wave_dir>Northeast</mean_wave_dir>
	<mean_wave_degrees></mean_wave_degrees>
	<disclaimer_url>http://weather.gov/disclaimer.html</disclaimer_url>
	<copyright_url>http://weather.gov/disclaimer.html</copyright_url>
	<privacy_policy_url>http://weather.gov/notice.html</privacy_policy_url>
</current_observation>
