<?xml version="1.0" encoding="ISO-8859-1"?> 
<?xml-stylesheet href="latest_ob.xsl" type="text/xsl"?>
<current_observation version="1.0"
	 xmlns:xsd="http://www.w3.org/2001/XMLSchema"
	 xmlns:xsi="http://www.w3.org/2001/XMLSchema-instance"
	 xsi:noNamespaceSchemaLocation="http://www.weather.gov/view/current_observation.xsd">
	<credit>NOAA's National Weather Service</credit>
	<credit_URL>http://weather.gov/</credit_URL>
	<image>
		<url>http://weather.gov/images/xml_logo.gif</url>
		<title>NOAA's National Weather Service</title>
		<link>http://weather.gov</link>
	</image>
	<suggested_pickup>15 minutes after the hour</suggested_pickup>
	<suggested_pickup_period>60</suggested_pickup_period>
	<location>SANTA BARBARA W 38 NM West of Santa Barbara, CA</location>
	<station_id>46054</station_id>
	<latitude>34.269</latitude>
	<longitude>-120.448</longitude>
	<observation_time>Last Updated on Nov 6 2009, 5:50 pm PST</observation_time>
        <observation_time_rfc822>Fri,  6 Nov 2009 17:50:00 -0800</observation_time_rfc822>
	<temperature_string>58.3 F (14.6 C)</temperature_string>
	<temp_f>58.3</temp_f>
	<temp_c>14.6</temp_c>
	<water_temp_f>60.6</water_temp_f>
	<water_temp_c>15.9</water_temp_c>
	<wind_string>from the Northwest at 24.6 gusting to 29.1 MPH (21.38 gusting to 25.26 KT)</wind_string>
	<wind_dir>Northwest</wind_dir>
	<wind_degrees>320</wind_degrees>
	<wind_mph>24.6</wind_mph>
	<wind_gust_mph>29.1</wind_gust_mph>
	<wind_kt>21.38</wind_kt>
	<wind_gust_kt>25.26</wind_gust_kt>
	<pressure_string>1014.2 mb</pressure_string>
	<pressure_mb>1014.2</pressure_mb>
	<pressure_tendency_mb>-0.4</pressure_tendency_mb>
	<windchill_string>54 F (12 C)</windchill_string>
      	<windchill_f>54</windchill_f>
      	<windchill_c>12</windchill_c>
	<wave_height_m>2</wave_height_m>
	<wave_height_ft>6.56</wave_height_ft>
	<dominant_period_sec>11</dominant_period_sec>
	<average_period_sec>5.3</average_period_sec>
	<mean_wave_dir>West</mean_wave_dir>
	<mean_wave_degrees></mean_wave_degrees>
	<disclaimer_url>http://weather.gov/disclaimer.html</disclaimer_url>
	<copyright_url>http://weather.gov/disclaimer.html</copyright_url>
	<privacy_policy_url>http://weather.gov/notice.html</privacy_policy_url>
</current_observation>
