<?xml version="1.0" encoding="ISO-8859-1"?> 
<?xml-stylesheet href="latest_ob.xsl" type="text/xsl"?>
<current_observation version="1.0"
	 xmlns:xsd="http://www.w3.org/2001/XMLSchema"
	 xmlns:xsi="http://www.w3.org/2001/XMLSchema-instance"
	 xsi:noNamespaceSchemaLocation="http://www.weather.gov/view/current_observation.xsd">
	<credit>NOAA's National Weather Service</credit>
	<credit_URL>http://weather.gov/</credit_URL>
	<image>
		<url>http://weather.gov/images/xml_logo.gif</url>
		<title>NOAA's National Weather Service</title>
		<link>http://weather.gov</link>
	</image>
	<suggested_pickup>15 minutes after the hour</suggested_pickup>
	<suggested_pickup_period>60</suggested_pickup_period>
	<location>E. SANTA BARBARA  - 12NM Southwest of Santa Barbar, CA</location>
	<station_id>46053</station_id>
	<latitude>34.248</latitude>
	<longitude>-119.841</longitude>
	<observation_time>Last Updated on Nov 6 2009, 5:50 pm PST</observation_time>
        <observation_time_rfc822>Fri,  6 Nov 2009 17:50:00 -0800</observation_time_rfc822>
	<temperature_string>62.2 F (16.8 C)</temperature_string>
	<temp_f>62.2</temp_f>
	<temp_c>16.8</temp_c>
	<water_temp_f>63.7</water_temp_f>
	<water_temp_c>17.6</water_temp_c>
	<wind_string>from the East at 4.5 gusting to 6.7 MPH (3.88 gusting to 5.83 KT)</wind_string>
	<wind_dir>East</wind_dir>
	<wind_degrees>70</wind_degrees>
	<wind_mph>4.5</wind_mph>
	<wind_gust_mph>6.7</wind_gust_mph>
	<wind_kt>3.88</wind_kt>
	<wind_gust_kt>5.83</wind_gust_kt>
	<pressure_string>1013.8 mb</pressure_string>
	<pressure_mb>1013.8</pressure_mb>
	<pressure_tendency_mb>0.0</pressure_tendency_mb>
	<windchill_string>63 F (17 C)</windchill_string>
      	<windchill_f>63</windchill_f>
      	<windchill_c>17</windchill_c>
	<wave_height_m>1.6</wave_height_m>
	<wave_height_ft>5.25</wave_height_ft>
	<dominant_period_sec>11</dominant_period_sec>
	<average_period_sec>6.3</average_period_sec>
	<mean_wave_dir>West</mean_wave_dir>
	<mean_wave_degrees>284</mean_wave_degrees>
	<disclaimer_url>http://weather.gov/disclaimer.html</disclaimer_url>
	<copyright_url>http://weather.gov/disclaimer.html</copyright_url>
	<privacy_policy_url>http://weather.gov/notice.html</privacy_policy_url>
</current_observation>
