<?xml version="1.0" encoding="ISO-8859-1"?> 
<?xml-stylesheet href="latest_ob.xsl" type="text/xsl"?>
<current_observation version="1.0"
	 xmlns:xsd="http://www.w3.org/2001/XMLSchema"
	 xmlns:xsi="http://www.w3.org/2001/XMLSchema-instance"
	 xsi:noNamespaceSchemaLocation="http://www.weather.gov/view/current_observation.xsd">
	<credit>NOAA's National Weather Service</credit>
	<credit_URL>http://weather.gov/</credit_URL>
	<image>
		<url>http://weather.gov/images/xml_logo.gif</url>
		<title>NOAA's National Weather Service</title>
		<link>http://weather.gov</link>
	</image>
	<suggested_pickup>15 minutes after the hour</suggested_pickup>
	<suggested_pickup_period>60</suggested_pickup_period>
	<location>Western Aleutians</location>
	<station_id>46071</station_id>
	<latitude>51.155</latitude>
	<longitude>179.001</longitude>
	<observation_time>Last Updated on Nov 6 2009, 9:50 pm AST</observation_time>
        <observation_time_rfc822>Fri,  6 Nov 2009 21:50:00 -0400</observation_time_rfc822>
	<temperature_string>40.6 F (4.8 C)</temperature_string>
	<temp_f>40.6</temp_f>
	<temp_c>4.8</temp_c>
	<water_temp_f>41.7</water_temp_f>
	<water_temp_c>5.4</water_temp_c>
	<wind_string>from the Northwest at 20.1 gusting to 24.6 MPH (17.49 gusting to 21.38 KT)</wind_string>
	<wind_dir>Northwest</wind_dir>
	<wind_degrees>330</wind_degrees>
	<wind_mph>20.1</wind_mph>
	<wind_gust_mph>24.6</wind_gust_mph>
	<wind_kt>17.49</wind_kt>
	<wind_gust_kt>21.38</wind_gust_kt>
	<pressure_string>1020.4 mb</pressure_string>
	<pressure_mb>1020.4</pressure_mb>
	<pressure_tendency_mb>1.2</pressure_tendency_mb>
	<windchill_string>31 F (-1 C)</windchill_string>
      	<windchill_f>31</windchill_f>
      	<windchill_c>-1</windchill_c>
	<wave_height_m>2.7</wave_height_m>
	<wave_height_ft>8.86</wave_height_ft>
	<dominant_period_sec>10</dominant_period_sec>
	<average_period_sec>6.5</average_period_sec>
	<mean_wave_dir>West</mean_wave_dir>
	<mean_wave_degrees></mean_wave_degrees>
	<disclaimer_url>http://weather.gov/disclaimer.html</disclaimer_url>
	<copyright_url>http://weather.gov/disclaimer.html</copyright_url>
	<privacy_policy_url>http://weather.gov/notice.html</privacy_policy_url>
</current_observation>
