<?xml version="1.0" encoding="ISO-8859-1"?> 
<?xml-stylesheet href="latest_ob.xsl" type="text/xsl"?>
<current_observation version="1.0"
	 xmlns:xsd="http://www.w3.org/2001/XMLSchema"
	 xmlns:xsi="http://www.w3.org/2001/XMLSchema-instance"
	 xsi:noNamespaceSchemaLocation="http://www.weather.gov/view/current_observation.xsd">
	<credit>NOAA's National Weather Service</credit>
	<credit_URL>http://weather.gov/</credit_URL>
	<image>
		<url>http://weather.gov/images/xml_logo.gif</url>
		<title>NOAA's National Weather Service</title>
		<link>http://weather.gov</link>
	</image>
	<suggested_pickup>15 minutes after the hour</suggested_pickup>
	<suggested_pickup_period>60</suggested_pickup_period>
	<location>East Dellwood</location>
	<station_id>46207</station_id>
	<latitude>50.883</latitude>
	<longitude>-129.933</longitude>
	<observation_time>Last Updated on Nov 6 2009, 6:00 pm PST</observation_time>
        <observation_time_rfc822>Fri,  6 Nov 2009 18:00:00 -0800</observation_time_rfc822>
	<temperature_string>43.7 F (6.5 C)</temperature_string>
	<temp_f>43.7</temp_f>
	<temp_c>6.5</temp_c>
	<water_temp_f>50.0</water_temp_f>
	<water_temp_c>10.0</water_temp_c>
	<wind_string>from the Southwest at 11.2 gusting to 20.1 MPH (9.71 gusting to 17.49 KT)</wind_string>
	<wind_dir>Southwest</wind_dir>
	<wind_degrees>220</wind_degrees>
	<wind_mph>11.2</wind_mph>
	<wind_gust_mph>20.1</wind_gust_mph>
	<wind_kt>9.71</wind_kt>
	<wind_gust_kt>17.49</wind_gust_kt>
	<pressure_string>998.1 mb</pressure_string>
	<pressure_mb>998.1</pressure_mb>
	<pressure_tendency_mb>1.3</pressure_tendency_mb>
	<windchill_string>38 F (3 C)</windchill_string>
      	<windchill_f>38</windchill_f>
      	<windchill_c>3</windchill_c>
	<wave_height_m>7.8</wave_height_m>
	<wave_height_ft>25.59</wave_height_ft>
	<dominant_period_sec>18</dominant_period_sec>
	<mean_wave_dir>Southwest</mean_wave_dir>
	<mean_wave_degrees></mean_wave_degrees>
	<disclaimer_url>http://weather.gov/disclaimer.html</disclaimer_url>
	<copyright_url>http://weather.gov/disclaimer.html</copyright_url>
	<privacy_policy_url>http://weather.gov/notice.html</privacy_policy_url>
</current_observation>
