<?xml version="1.0" encoding="ISO-8859-1"?> 
<?xml-stylesheet href="latest_ob.xsl" type="text/xsl"?>
<current_observation version="1.0"
	 xmlns:xsd="http://www.w3.org/2001/XMLSchema"
	 xmlns:xsi="http://www.w3.org/2001/XMLSchema-instance"
	 xsi:noNamespaceSchemaLocation="http://www.weather.gov/view/current_observation.xsd">
	<credit>NOAA's National Weather Service</credit>
	<credit_URL>http://weather.gov/</credit_URL>
	<image>
		<url>http://weather.gov/images/xml_logo.gif</url>
		<title>NOAA's National Weather Service</title>
		<link>http://weather.gov</link>
	</image>
	<suggested_pickup>15 minutes after the hour</suggested_pickup>
	<suggested_pickup_period>60</suggested_pickup_period>
	<location>NW HAWAII 170 NM West Northwest of Kauai Island</location>
	<station_id>51001</station_id>
	<latitude>23.445</latitude>
	<longitude>-162.279</longitude>
	<observation_time>Last Updated on Nov 6 2009, 3:50 pm HST</observation_time>
        <observation_time_rfc822>Fri,  6 Nov 2009 15:50:00 -1000</observation_time_rfc822>
	<temperature_string>74.7 F (23.7 C)</temperature_string>
	<temp_f>74.7</temp_f>
	<temp_c>23.7</temp_c>
	<water_temp_f>78.6</water_temp_f>
	<water_temp_c>25.9</water_temp_c>
	<wind_string>from the East at 17.9 gusting to 24.6 MPH (15.55 gusting to 21.38 KT)</wind_string>
	<wind_dir>East</wind_dir>
	<wind_degrees>110</wind_degrees>
	<wind_mph>17.9</wind_mph>
	<wind_gust_mph>24.6</wind_gust_mph>
	<wind_kt>15.55</wind_kt>
	<wind_gust_kt>21.38</wind_gust_kt>
	<pressure_string>1016.5 mb</pressure_string>
	<pressure_mb>1016.5</pressure_mb>
	<pressure_tendency_mb>-1.2</pressure_tendency_mb>
	<wave_height_m>2.4</wave_height_m>
	<wave_height_ft>7.87</wave_height_ft>
	<dominant_period_sec>8</dominant_period_sec>
	<average_period_sec>6.2</average_period_sec>
	<mean_wave_dir>East</mean_wave_dir>
	<mean_wave_degrees>72</mean_wave_degrees>
	<disclaimer_url>http://weather.gov/disclaimer.html</disclaimer_url>
	<copyright_url>http://weather.gov/disclaimer.html</copyright_url>
	<privacy_policy_url>http://weather.gov/notice.html</privacy_policy_url>
</current_observation>
