<?xml version="1.0" encoding="ISO-8859-1"?> 
<?xml-stylesheet href="latest_ob.xsl" type="text/xsl"?>
<current_observation version="1.0"
	 xmlns:xsd="http://www.w3.org/2001/XMLSchema"
	 xmlns:xsi="http://www.w3.org/2001/XMLSchema-instance"
	 xsi:noNamespaceSchemaLocation="http://www.weather.gov/view/current_observation.xsd">
	<credit>NOAA's National Weather Service</credit>
	<credit_URL>http://weather.gov/</credit_URL>
	<image>
		<url>http://weather.gov/images/xml_logo.gif</url>
		<title>NOAA's National Weather Service</title>
		<link>http://weather.gov</link>
	</image>
	<suggested_pickup>15 minutes after the hour</suggested_pickup>
	<suggested_pickup_period>60</suggested_pickup_period>
	<location>K1 Buoy</location>
	<station_id>62029</station_id>
	<latitude>48.701</latitude>
	<longitude>-12.401</longitude>
	<observation_time>Last Updated on Nov 7 2009, 2:00 am ST </observation_time>
        <observation_time_rfc822>Sat,  7 Nov 2009 02:00:00 +0000</observation_time_rfc822>
	<temperature_string>49.3 F (9.6 C)</temperature_string>
	<temp_f>49.3</temp_f>
	<temp_c>9.6</temp_c>
	<water_temp_f>58.1</water_temp_f>
	<water_temp_c>14.5</water_temp_c>
	<wind_string>Northwest at 33.3 MPH (28.96 KT)</wind_string>
	<wind_dir>Northwest</wind_dir>
	<wind_degrees>300</wind_degrees>
	<wind_mph>33.3</wind_mph>
	<wind_kt>28.96</wind_kt>
	<pressure_string>1008.6 mb</pressure_string>
	<pressure_mb>1008.6</pressure_mb>
	<pressure_tendency_mb>0.3</pressure_tendency_mb>
	<dewpoint_string>43.5 F (6.4 C)</dewpoint_string>
	<dewpoint_f>43.5</dewpoint_f>
	<dewpoint_c>6.4</dewpoint_c>
	<windchill_string>41 F (5 C)</windchill_string>
      	<windchill_f>41</windchill_f>
      	<windchill_c>5</windchill_c>
	<mean_wave_dir>East</mean_wave_dir>
	<mean_wave_degrees></mean_wave_degrees>
	<disclaimer_url>http://weather.gov/disclaimer.html</disclaimer_url>
	<copyright_url>http://weather.gov/disclaimer.html</copyright_url>
	<privacy_policy_url>http://weather.gov/notice.html</privacy_policy_url>
</current_observation>
