<?xml version="1.0" encoding="ISO-8859-1"?> 
<?xml-stylesheet href="latest_ob.xsl" type="text/xsl"?>
<current_observation version="1.0"
	 xmlns:xsd="http://www.w3.org/2001/XMLSchema"
	 xmlns:xsi="http://www.w3.org/2001/XMLSchema-instance"
	 xsi:noNamespaceSchemaLocation="http://www.weather.gov/view/current_observation.xsd">
	<credit>NOAA's National Weather Service</credit>
	<credit_URL>http://weather.gov/</credit_URL>
	<image>
		<url>http://weather.gov/images/xml_logo.gif</url>
		<title>NOAA's National Weather Service</title>
		<link>http://weather.gov</link>
	</image>
	<suggested_pickup>15 minutes after the hour</suggested_pickup>
	<suggested_pickup_period>60</suggested_pickup_period>
	<location>M5 - South East</location>
	<station_id>62094</station_id>
	<latitude>51.69</latitude>
	<longitude>-6.704</longitude>
	<observation_time>Last Updated on Nov 7 2009, 2:00 am ST </observation_time>
        <observation_time_rfc822>Sat,  7 Nov 2009 02:00:00 +0000</observation_time_rfc822>
	<temperature_string>49.5 F (9.7 C)</temperature_string>
	<temp_f>49.5</temp_f>
	<temp_c>9.7</temp_c>
	<water_temp_f>55.9</water_temp_f>
	<water_temp_c>13.3</water_temp_c>
	<pressure_string>996.2 mb</pressure_string>
	<pressure_mb>996.2</pressure_mb>
	<pressure_tendency_mb>-0.2</pressure_tendency_mb>
	<dewpoint_string>41.4 F (5.2 C)</dewpoint_string>
	<dewpoint_f>41.4</dewpoint_f>
	<dewpoint_c>5.2</dewpoint_c>
	<wave_height_m>2.5</wave_height_m>
	<wave_height_ft>8.20</wave_height_ft>
	<mean_wave_dir>East</mean_wave_dir>
	<mean_wave_degrees></mean_wave_degrees>
	<disclaimer_url>http://weather.gov/disclaimer.html</disclaimer_url>
	<copyright_url>http://weather.gov/disclaimer.html</copyright_url>
	<privacy_policy_url>http://weather.gov/notice.html</privacy_policy_url>
</current_observation>
