<?xml version="1.0" encoding="ISO-8859-1"?> 
<?xml-stylesheet href="latest_ob.xsl" type="text/xsl"?>
<current_observation version="1.0"
	 xmlns:xsd="http://www.w3.org/2001/XMLSchema"
	 xmlns:xsi="http://www.w3.org/2001/XMLSchema-instance"
	 xsi:noNamespaceSchemaLocation="http://www.weather.gov/view/current_observation.xsd">
	<credit>NOAA's National Weather Service</credit>
	<credit_URL>http://weather.gov/</credit_URL>
	<image>
		<url>http://weather.gov/images/xml_logo.gif</url>
		<title>NOAA's National Weather Service</title>
		<link>http://weather.gov</link>
	</image>
	<suggested_pickup>15 minutes after the hour</suggested_pickup>
	<suggested_pickup_period>60</suggested_pickup_period>
	<location>K7 Buoy</location>
	<station_id>64046</station_id>
	<latitude>60.701</latitude>
	<longitude>-4.5</longitude>
	<observation_time>Last Updated on Nov 7 2009, 2:00 am ST </observation_time>
        <observation_time_rfc822>Sat,  7 Nov 2009 02:00:00 +0000</observation_time_rfc822>
	<temperature_string>48.9 F (9.4 C)</temperature_string>
	<temp_f>48.9</temp_f>
	<temp_c>9.4</temp_c>
	<water_temp_f>50.2</water_temp_f>
	<water_temp_c>10.1</water_temp_c>
	<wind_string>South at 2.2 MPH (1.94 KT)</wind_string>
	<wind_dir>South</wind_dir>
	<wind_degrees>180</wind_degrees>
	<wind_mph>2.2</wind_mph>
	<wind_kt>1.94</wind_kt>
	<pressure_string>983.2 mb</pressure_string>
	<pressure_mb>983.2</pressure_mb>
	<pressure_tendency_mb>1.6</pressure_tendency_mb>
	<wave_height_m>2.6</wave_height_m>
	<wave_height_ft>8.53</wave_height_ft>
	<mean_wave_dir>East</mean_wave_dir>
	<mean_wave_degrees></mean_wave_degrees>
	<disclaimer_url>http://weather.gov/disclaimer.html</disclaimer_url>
	<copyright_url>http://weather.gov/disclaimer.html</copyright_url>
	<privacy_policy_url>http://weather.gov/notice.html</privacy_policy_url>
</current_observation>
