<?xml version="1.0" encoding="ISO-8859-1"?> 
<?xml-stylesheet href="latest_ob.xsl" type="text/xsl"?>
<current_observation version="1.0"
	 xmlns:xsd="http://www.w3.org/2001/XMLSchema"
	 xmlns:xsi="http://www.w3.org/2001/XMLSchema-instance"
	 xsi:noNamespaceSchemaLocation="http://www.weather.gov/view/current_observation.xsd">
	<credit>NOAA's National Weather Service</credit>
	<credit_URL>http://weather.gov/</credit_URL>
	<image>
		<url>http://weather.gov/images/xml_logo.gif</url>
		<title>NOAA's National Weather Service</title>
		<link>http://weather.gov</link>
	</image>
	<suggested_pickup>15 minutes after the hour</suggested_pickup>
	<suggested_pickup_period>60</suggested_pickup_period>
	<location>9414750 - Alameda, CA</location>
	<station_id>AAMC1</station_id>
	<latitude>37.772</latitude>
	<longitude>-122.298</longitude>
	<observation_time>Last Updated on Nov 6 2009, 6:12 pm PST</observation_time>
        <observation_time_rfc822>Fri,  6 Nov 2009 18:12:00 -0800</observation_time_rfc822>
	<temperature_string>57.6 F (14.2 C)</temperature_string>
	<temp_f>57.6</temp_f>
	<temp_c>14.2</temp_c>
	<water_temp_f>60.3</water_temp_f>
	<water_temp_c>15.7</water_temp_c>
	<wind_string>from the West at 6.9 gusting to 10.3 MPH (6.02 gusting to 8.94 KT)</wind_string>
	<wind_dir>West</wind_dir>
	<wind_degrees>280</wind_degrees>
	<wind_mph>6.9</wind_mph>
	<wind_gust_mph>10.3</wind_gust_mph>
	<wind_kt>6.02</wind_kt>
	<wind_gust_kt>8.94</wind_gust_kt>
	<pressure_string>1017.2 mb</pressure_string>
	<pressure_mb>1017.2</pressure_mb>
	<windchill_string>56 F (13 C)</windchill_string>
      	<windchill_f>56</windchill_f>
      	<windchill_c>13</windchill_c>
	<mean_wave_dir>East</mean_wave_dir>
	<mean_wave_degrees></mean_wave_degrees>
	<disclaimer_url>http://weather.gov/disclaimer.html</disclaimer_url>
	<copyright_url>http://weather.gov/disclaimer.html</copyright_url>
	<privacy_policy_url>http://weather.gov/notice.html</privacy_policy_url>
</current_observation>
