<?xml version="1.0" encoding="ISO-8859-1"?> 
<?xml-stylesheet href="latest_ob.xsl" type="text/xsl"?>
<current_observation version="1.0"
	 xmlns:xsd="http://www.w3.org/2001/XMLSchema"
	 xmlns:xsi="http://www.w3.org/2001/XMLSchema-instance"
	 xsi:noNamespaceSchemaLocation="http://www.weather.gov/view/current_observation.xsd">
	<credit>NOAA's National Weather Service</credit>
	<credit_URL>http://weather.gov/</credit_URL>
	<image>
		<url>http://weather.gov/images/xml_logo.gif</url>
		<title>NOAA's National Weather Service</title>
		<link>http://weather.gov</link>
	</image>
	<suggested_pickup>15 minutes after the hour</suggested_pickup>
	<suggested_pickup_period>60</suggested_pickup_period>
	<location>ANM - Anna Maria, FL</location>
	<station_id>ANMF1</station_id>
	<latitude>27.55</latitude>
	<longitude>-82.75</longitude>
	<observation_time>Last Updated on Nov 6 2009, 7:54 pm EST</observation_time>
        <observation_time_rfc822>Fri,  6 Nov 2009 19:54:00 -0500</observation_time_rfc822>
	<temperature_string>72.9 F (22.7 C)</temperature_string>
	<temp_f>72.9</temp_f>
	<temp_c>22.7</temp_c>
	<wind_string>from the Northeast at 19.7 gusting to 26.4 MPH (17.1 gusting to 22.93 KT)</wind_string>
	<wind_dir>Northeast</wind_dir>
	<wind_degrees>60</wind_degrees>
	<wind_mph>19.7</wind_mph>
	<wind_gust_mph>26.4</wind_gust_mph>
	<wind_kt>17.1</wind_kt>
	<wind_gust_kt>22.93</wind_gust_kt>
	<mean_wave_dir>East</mean_wave_dir>
	<mean_wave_degrees></mean_wave_degrees>
	<tide_ft>1.47</tide_ft>
	<disclaimer_url>http://weather.gov/disclaimer.html</disclaimer_url>
	<copyright_url>http://weather.gov/disclaimer.html</copyright_url>
	<privacy_policy_url>http://weather.gov/notice.html</privacy_policy_url>
</current_observation>
