<?xml version="1.0" encoding="ISO-8859-1"?> 
<?xml-stylesheet href="latest_ob.xsl" type="text/xsl"?>
<current_observation version="1.0"
	 xmlns:xsd="http://www.w3.org/2001/XMLSchema"
	 xmlns:xsi="http://www.w3.org/2001/XMLSchema-instance"
	 xsi:noNamespaceSchemaLocation="http://www.weather.gov/view/current_observation.xsd">
	<credit>NOAA's National Weather Service</credit>
	<credit_URL>http://weather.gov/</credit_URL>
	<image>
		<url>http://weather.gov/images/xml_logo.gif</url>
		<title>NOAA's National Weather Service</title>
		<link>http://weather.gov</link>
	</image>
	<suggested_pickup>15 minutes after the hour</suggested_pickup>
	<suggested_pickup_period>60</suggested_pickup_period>
	<location>9416841 - Arena Cove, CA</location>
	<station_id>ANVC1</station_id>
	<latitude>38.913</latitude>
	<longitude>-123.708</longitude>
	<observation_time>Last Updated on Nov 6 2009, 6:06 pm PST</observation_time>
        <observation_time_rfc822>Fri,  6 Nov 2009 18:06:00 -0800</observation_time_rfc822>
	<temperature_string>54.5 F (12.5 C)</temperature_string>
	<temp_f>54.5</temp_f>
	<temp_c>12.5</temp_c>
	<water_temp_f>54.1</water_temp_f>
	<water_temp_c>12.3</water_temp_c>
	<wind_string>from the Northwest at 2.2 gusting to 5.8 MPH (1.94 gusting to 5.05 KT)</wind_string>
	<wind_dir>Northwest</wind_dir>
	<wind_degrees>300</wind_degrees>
	<wind_mph>2.2</wind_mph>
	<wind_gust_mph>5.8</wind_gust_mph>
	<wind_kt>1.94</wind_kt>
	<wind_gust_kt>5.05</wind_gust_kt>
	<pressure_string>1018.5 mb</pressure_string>
	<pressure_mb>1018.5</pressure_mb>
	<mean_wave_dir>East</mean_wave_dir>
	<mean_wave_degrees></mean_wave_degrees>
	<disclaimer_url>http://weather.gov/disclaimer.html</disclaimer_url>
	<copyright_url>http://weather.gov/disclaimer.html</copyright_url>
	<privacy_policy_url>http://weather.gov/notice.html</privacy_policy_url>
</current_observation>
