<?xml version="1.0" encoding="ISO-8859-1"?> 
<?xml-stylesheet href="latest_ob.xsl" type="text/xsl"?>
<current_observation version="1.0"
	 xmlns:xsd="http://www.w3.org/2001/XMLSchema"
	 xmlns:xsi="http://www.w3.org/2001/XMLSchema-instance"
	 xsi:noNamespaceSchemaLocation="http://www.weather.gov/view/current_observation.xsd">
	<credit>NOAA's National Weather Service</credit>
	<credit_URL>http://weather.gov/</credit_URL>
	<image>
		<url>http://weather.gov/images/xml_logo.gif</url>
		<title>NOAA's National Weather Service</title>
		<link>http://weather.gov</link>
	</image>
	<suggested_pickup>15 minutes after the hour</suggested_pickup>
	<suggested_pickup_period>60</suggested_pickup_period>
	<location>1630000 - Apra Harbor, Guam</location>
	<station_id>APRP7</station_id>
	<latitude>13.442</latitude>
	<longitude>144.653</longitude>
	<observation_time>Last Updated on Nov 7 2009, 2:00 am ST </observation_time>
        <observation_time_rfc822>Sat,  7 Nov 2009 02:00:00 +0000</observation_time_rfc822>
	<temperature_string>86.4 F (30.2 C)</temperature_string>
	<temp_f>86.4</temp_f>
	<temp_c>30.2</temp_c>
	<water_temp_f>84.9</water_temp_f>
	<water_temp_c>29.4</water_temp_c>
	<wind_string>from the East at 10.3 gusting to 15.0 MPH (8.94 gusting to 13.02 KT)</wind_string>
	<wind_dir>East</wind_dir>
	<wind_degrees>90</wind_degrees>
	<wind_mph>10.3</wind_mph>
	<wind_gust_mph>15.0</wind_gust_mph>
	<wind_kt>8.94</wind_kt>
	<wind_gust_kt>13.02</wind_gust_kt>
	<pressure_string>1009.0 mb</pressure_string>
	<pressure_mb>1009.0</pressure_mb>
	<pressure_tendency_mb>-1.7</pressure_tendency_mb>
	<mean_wave_dir>East</mean_wave_dir>
	<mean_wave_degrees></mean_wave_degrees>
	<disclaimer_url>http://weather.gov/disclaimer.html</disclaimer_url>
	<copyright_url>http://weather.gov/disclaimer.html</copyright_url>
	<privacy_policy_url>http://weather.gov/notice.html</privacy_policy_url>
</current_observation>
