<?xml version="1.0" encoding="ISO-8859-1"?> 
<?xml-stylesheet href="latest_ob.xsl" type="text/xsl"?>
<current_observation version="1.0"
	 xmlns:xsd="http://www.w3.org/2001/XMLSchema"
	 xmlns:xsi="http://www.w3.org/2001/XMLSchema-instance"
	 xsi:noNamespaceSchemaLocation="http://www.weather.gov/view/current_observation.xsd">
	<credit>NOAA's National Weather Service</credit>
	<credit_URL>http://weather.gov/</credit_URL>
	<image>
		<url>http://weather.gov/images/xml_logo.gif</url>
		<title>NOAA's National Weather Service</title>
		<link>http://weather.gov</link>
	</image>
	<suggested_pickup>15 minutes after the hour</suggested_pickup>
	<suggested_pickup_period>60</suggested_pickup_period>
	<location>Cedar Key, FL</location>
	<station_id>CDRF1</station_id>
	<latitude>29.136</latitude>
	<longitude>-83.029</longitude>
	<observation_time>Last Updated on Nov 6 2009, 9:00 pm EST</observation_time>
        <observation_time_rfc822>Fri,  6 Nov 2009 21:00:00 -0500</observation_time_rfc822>
	<temperature_string>65.5 F (18.6 C)</temperature_string>
	<temp_f>65.5</temp_f>
	<temp_c>18.6</temp_c>
	<wind_string>from the Northeast at 13.9 gusting to 15.0 MPH (12.05 gusting to 13.02 KT)</wind_string>
	<wind_dir>Northeast</wind_dir>
	<wind_degrees>60</wind_degrees>
	<wind_mph>13.9</wind_mph>
	<wind_gust_mph>15.0</wind_gust_mph>
	<wind_kt>12.05</wind_kt>
	<wind_gust_kt>13.02</wind_gust_kt>
	<pressure_string>1023.7 mb</pressure_string>
	<pressure_mb>1023.7</pressure_mb>
	<pressure_tendency_mb>1.4</pressure_tendency_mb>
	<mean_wave_dir>East</mean_wave_dir>
	<mean_wave_degrees></mean_wave_degrees>
	<disclaimer_url>http://weather.gov/disclaimer.html</disclaimer_url>
	<copyright_url>http://weather.gov/disclaimer.html</copyright_url>
	<privacy_policy_url>http://weather.gov/notice.html</privacy_policy_url>
</current_observation>
