<?xml version="1.0" encoding="ISO-8859-1"?> 
<?xml-stylesheet href="latest_ob.xsl" type="text/xsl"?>
<current_observation version="1.0"
	 xmlns:xsd="http://www.w3.org/2001/XMLSchema"
	 xmlns:xsi="http://www.w3.org/2001/XMLSchema-instance"
	 xsi:noNamespaceSchemaLocation="http://www.weather.gov/view/current_observation.xsd">
	<credit>NOAA's National Weather Service</credit>
	<credit_URL>http://weather.gov/</credit_URL>
	<image>
		<url>http://weather.gov/images/xml_logo.gif</url>
		<title>NOAA's National Weather Service</title>
		<link>http://weather.gov</link>
	</image>
	<suggested_pickup>15 minutes after the hour</suggested_pickup>
	<suggested_pickup_period>60</suggested_pickup_period>
	<location>8638595 - South Craney Island, VA</location>
	<station_id>CRYV2</station_id>
	<latitude>36.888</latitude>
	<longitude>-76.338</longitude>
	<observation_time>Last Updated on Nov 6 2009, 9:06 pm EST</observation_time>
        <observation_time_rfc822>Fri,  6 Nov 2009 21:06:00 -0500</observation_time_rfc822>
	<wind_string>from the Southeast at 6.9 gusting to 8.0 MPH (6.02 gusting to 6.99 KT)</wind_string>
	<wind_dir>Southeast</wind_dir>
	<wind_degrees>130</wind_degrees>
	<wind_mph>6.9</wind_mph>
	<wind_gust_mph>8.0</wind_gust_mph>
	<wind_kt>6.02</wind_kt>
	<wind_gust_kt>6.99</wind_gust_kt>
	<pressure_string>1027.5 mb</pressure_string>
	<pressure_mb>1027.5</pressure_mb>
	<windchill_string>37 F (3 C)</windchill_string>
      	<windchill_f>37</windchill_f>
      	<windchill_c>3</windchill_c>
	<mean_wave_dir>East</mean_wave_dir>
	<mean_wave_degrees></mean_wave_degrees>
	<disclaimer_url>http://weather.gov/disclaimer.html</disclaimer_url>
	<copyright_url>http://weather.gov/disclaimer.html</copyright_url>
	<privacy_policy_url>http://weather.gov/notice.html</privacy_policy_url>
</current_observation>
