<?xml version="1.0" encoding="ISO-8859-1"?> 
<current_observation version="1.0"
	 xmlns:xsd="http://www.w3.org/2001/XMLSchema"
	 xmlns:xsi="http://www.w3.org/2001/XMLSchema-instance"
	 xsi:noNamespaceSchemaLocation="http://www.weather.gov/xml/current_obs/current_observation.xsd">
	<credit>NOAA's National Weather Service</credit>
	<credit_URL>http://weather.gov/</credit_URL>
	<image>
		<url>http://weather.gov/images/xml_logo.gif</url>
		<title>NOAA's National Weather Service</title>
		<link>http://weather.gov</link>
	</image>
	<suggested_pickup>15 minutes after the hour</suggested_pickup>
	<suggested_pickup_period>60</suggested_pickup_period>
	<location>Desdemona Sands Light, OR</location>
	<station_id>DMNO3</station_id>
        <latitude>46.226</latitude>
        <longitude>-123.955</longitude>
	<observation_time_rfc822></observation_time_rfc822>
        <weather>NA</weather>
        <temperature_string>NA</temperature_string>
        <temp_f>NA</temp_f>
        <temp_c>NA</temp_c>
        <relative_humidity>NA</relative_humidity>
        <wind_string>NA</wind_string>
        <wind_dir>None</wind_dir>
        <wind_degrees>NA</wind_degrees>
        <wind_mph>NA</wind_mph>
        <wind_gust_mph>NA</wind_gust_mph>
        <pressure_string>NA</pressure_string>
        <pressure_mb>NA</pressure_mb>
        <pressure_in>NA</pressure_in>
        <dewpoint_string>NA</dewpoint_string>
        <dewpoint_f>NA</dewpoint_f>
        <dewpoint_c>NA</dewpoint_c>
        <visibility_mi>NA</visibility_mi>
 	<icon_url_base>http://weather.gov/weather/images/fcicons/</icon_url_base>	
	<icon_url_name></icon_url_name>
	<two_day_history_url>http://www.weather.gov/data/obhistory/DMNO3.html</two_day_history_url>
	<ob_url>http://www.nws.noaa.gov/data/METAR/DMNO3.1.txt</ob_url>
	<disclaimer_url>http://weather.gov/disclaimer.html</disclaimer_url>
	<copyright_url>http://weather.gov/disclaimer.html</copyright_url>
	<privacy_policy_url>http://weather.gov/notice.html</privacy_policy_url>
</current_observation>
	