<?xml version="1.0" encoding="ISO-8859-1"?> 
<?xml-stylesheet href="latest_ob.xsl" type="text/xsl"?>
<current_observation version="1.0"
	 xmlns:xsd="http://www.w3.org/2001/XMLSchema"
	 xmlns:xsi="http://www.w3.org/2001/XMLSchema-instance"
	 xsi:noNamespaceSchemaLocation="http://www.weather.gov/view/current_observation.xsd">
	<credit>NOAA's National Weather Service</credit>
	<credit_URL>http://weather.gov/</credit_URL>
	<image>
		<url>http://weather.gov/images/xml_logo.gif</url>
		<title>NOAA's National Weather Service</title>
		<link>http://weather.gov</link>
	</image>
	<suggested_pickup>15 minutes after the hour</suggested_pickup>
	<suggested_pickup_period>60</suggested_pickup_period>
	<location>Five Finger, AK</location>
	<station_id>FFIA2</station_id>
	<latitude>57.272</latitude>
	<longitude>-133.63</longitude>
	<observation_time>Last Updated on Nov 6 2009, 10:00 pm AST</observation_time>
        <observation_time_rfc822>Fri,  6 Nov 2009 22:00:00 -0400</observation_time_rfc822>
	<temperature_string>44.6 F (7.0 C)</temperature_string>
	<temp_f>44.6</temp_f>
	<temp_c>7.0</temp_c>
	<wind_string>from the Southeast at 27.7 gusting to 35.8 MPH (24.1 gusting to 31.1 KT)</wind_string>
	<wind_dir>Southeast</wind_dir>
	<wind_degrees>140</wind_degrees>
	<wind_mph>27.7</wind_mph>
	<wind_gust_mph>35.8</wind_gust_mph>
	<wind_kt>24.1</wind_kt>
	<wind_gust_kt>31.1</wind_gust_kt>
	<pressure_string>980.7 mb</pressure_string>
	<pressure_mb>980.7</pressure_mb>
	<pressure_tendency_mb>0.0</pressure_tendency_mb>
	<windchill_string>35 F (2 C)</windchill_string>
      	<windchill_f>35</windchill_f>
      	<windchill_c>2</windchill_c>
	<mean_wave_dir>East</mean_wave_dir>
	<mean_wave_degrees></mean_wave_degrees>
	<disclaimer_url>http://weather.gov/disclaimer.html</disclaimer_url>
	<copyright_url>http://weather.gov/disclaimer.html</copyright_url>
	<privacy_policy_url>http://weather.gov/notice.html</privacy_policy_url>
</current_observation>
