<?xml version="1.0" encoding="ISO-8859-1"?> 
<?xml-stylesheet href="latest_ob.xsl" type="text/xsl"?>
<current_observation version="1.0"
	 xmlns:xsd="http://www.w3.org/2001/XMLSchema"
	 xmlns:xsi="http://www.w3.org/2001/XMLSchema-instance"
	 xsi:noNamespaceSchemaLocation="http://www.weather.gov/view/current_observation.xsd">
	<credit>NOAA's National Weather Service</credit>
	<credit_URL>http://weather.gov/</credit_URL>
	<image>
		<url>http://weather.gov/images/xml_logo.gif</url>
		<title>NOAA's National Weather Service</title>
		<link>http://weather.gov</link>
	</image>
	<suggested_pickup>15 minutes after the hour</suggested_pickup>
	<suggested_pickup_period>60</suggested_pickup_period>
	<location>8744707 - Gulfport Outer Range, MS</location>
	<station_id>GPOM6</station_id>
	<latitude>30.23</latitude>
	<longitude>-88.982</longitude>
	<observation_time>Last Updated on Nov 6 2009, 8:06 pm CST</observation_time>
        <observation_time_rfc822>Fri,  6 Nov 2009 20:06:00 -0600</observation_time_rfc822>
	<temperature_string>67.5 F (19.7 C)</temperature_string>
	<temp_f>67.5</temp_f>
	<temp_c>19.7</temp_c>
	<wind_string>from the East at 10.3 gusting to 11.4 MPH (8.94 gusting to 9.91 KT)</wind_string>
	<wind_dir>East</wind_dir>
	<wind_degrees>100</wind_degrees>
	<wind_mph>10.3</wind_mph>
	<wind_gust_mph>11.4</wind_gust_mph>
	<wind_kt>8.94</wind_kt>
	<wind_gust_kt>9.91</wind_gust_kt>
	<pressure_string>1023.6 mb</pressure_string>
	<pressure_mb>1023.6</pressure_mb>
	<mean_wave_dir>East</mean_wave_dir>
	<mean_wave_degrees></mean_wave_degrees>
	<disclaimer_url>http://weather.gov/disclaimer.html</disclaimer_url>
	<copyright_url>http://weather.gov/disclaimer.html</copyright_url>
	<privacy_policy_url>http://weather.gov/notice.html</privacy_policy_url>
</current_observation>
