<?xml version="1.0" encoding="ISO-8859-1"?> 
<current_observation version="1.0"
	 xmlns:xsd="http://www.w3.org/2001/XMLSchema"
	 xmlns:xsi="http://www.w3.org/2001/XMLSchema-instance"
	 xsi:noNamespaceSchemaLocation="http://www.weather.gov/xml/current_obs/current_observation.xsd">
	<credit>NOAA's National Weather Service</credit>
	<credit_URL>http://weather.gov/</credit_URL>
	<image>
		<url>http://weather.gov/images/xml_logo.gif</url>
		<title>NOAA's National Weather Service</title>
		<link>http://weather.gov</link>
	</image>
	<suggested_pickup>15 minutes after the hour</suggested_pickup>
	<suggested_pickup_period>60</suggested_pickup_period>
	<location>Eugene Island 300, LA</location>
	<station_id>K3B6</station_id>
        <latitude>28.083</latitude>
        <longitude>-92.7</longitude>
	<observation_time>Last Updated on Jun 4, 4:30 am PDT</observation_time>
	<observation_time_rfc822>Thu,  4 Jun 2009 04:30:00 -0700 PDT</observation_time_rfc822>
        <weather>NA</weather>
        <temperature_string>52 F (11 C)</temperature_string>
        <temp_f>52</temp_f>
        <temp_c>11</temp_c>
        <relative_humidity>NA</relative_humidity>
        <wind_string>NA</wind_string>
        <wind_dir>South</wind_dir>
        <wind_degrees>180</wind_degrees>
        <wind_mph>2.3</wind_mph>
        <wind_gust_mph>NA</wind_gust_mph>
        <pressure_string>NA</pressure_string>
        <pressure_mb>1014.9</pressure_mb>
        <pressure_in>29.91</pressure_in>
        <dewpoint_string>48 F (9 C)</dewpoint_string>
        <dewpoint_f>48</dewpoint_f>
        <dewpoint_c>9</dewpoint_c> 
        <heat_index_string>NA</heat_index_string>         
        <heat_index_f>NA</heat_index_f>
        <heat_index_c>NA</heat_index_c>
        <windchill_string>NA</windchill_string>
        <windchill_f>NA</windchill_f>
        <windchill_c>NA</windchill_c>
        <visibility_mi>NA</visibility_mi>
 	<icon_url_base>http://weather.gov/weather/images/fcicons/</icon_url_base>	
	<icon_url_name>na.jpg</icon_url_name>
	<two_day_history_url>http://www.weather.gov/data/obhistory/K3B6.html</two_day_history_url>
	<ob_url>http://www.nws.noaa.gov/data/METAR/K3B6.1.txt</ob_url>
	<disclaimer_url>http://weather.gov/disclaimer.html</disclaimer_url>
	<copyright_url>http://weather.gov/disclaimer.html</copyright_url>
	<privacy_policy_url>http://weather.gov/notice.html</privacy_policy_url>
</current_observation>
	