<?xml version="1.0" encoding="ISO-8859-1"?> 
<?xml-stylesheet href="latest_ob.xsl" type="text/xsl"?>
<current_observation version="1.0"
	 xmlns:xsd="http://www.w3.org/2001/XMLSchema"
	 xmlns:xsi="http://www.w3.org/2001/XMLSchema-instance"
	 xsi:noNamespaceSchemaLocation="http://www.weather.gov/view/current_observation.xsd">
	<credit>NOAA's National Weather Service</credit>
	<credit_URL>http://weather.gov/</credit_URL>
	<image>
		<url>http://weather.gov/images/xml_logo.gif</url>
		<title>NOAA's National Weather Service</title>
		<link>http://weather.gov</link>
	</image>
	<suggested_pickup>15 minutes after the hour</suggested_pickup>
	<suggested_pickup_period>60</suggested_pickup_period>
	<location>Arcata/Eureka Airport, CA</location>
	<station_id>KACV</station_id>
	<latitude>40.99</latitude>
	<longitude>-124.1</longitude>
	<observation_time>Last Updated on Nov 6 2009, 6:53 pm PST</observation_time>
        <observation_time_rfc822>Fri,  6 Nov 2009 18:53:00 -0800</observation_time_rfc822>
	<weather>Fog/Mist</weather>
	<temperature_string>51.0 F (10.6 C)</temperature_string>
	<temp_f>51.0</temp_f>
	<temp_c>10.6</temp_c>
	<relative_humidity>92</relative_humidity>
	<wind_string>East at 3.5 MPH (3 KT)</wind_string>
	<wind_dir>East</wind_dir>
	<wind_degrees>90</wind_degrees>
	<wind_mph>3.5</wind_mph>
	<wind_kt>3</wind_kt>
	<pressure_string>1019.3 mb</pressure_string>
	<pressure_mb>1019.3</pressure_mb>
	<pressure_in>30.08</pressure_in>
	<dewpoint_string>48.9 F (9.4 C)</dewpoint_string>
	<dewpoint_f>48.9</dewpoint_f>
	<dewpoint_c>9.4</dewpoint_c>
	<visibility_mi>3.00</visibility_mi>
 	<icon_url_base>http://weather.gov/weather/images/fcicons/</icon_url_base>
	<two_day_history_url>http://www.weather.gov/data/obhistory/KACV.html</two_day_history_url>
	<icon_url_name>fg.jpg</icon_url_name>
	<ob_url>http://www.nws.noaa.gov/data/METAR/KACV.1.txt</ob_url>
	<disclaimer_url>http://weather.gov/disclaimer.html</disclaimer_url>
	<copyright_url>http://weather.gov/disclaimer.html</copyright_url>
	<privacy_policy_url>http://weather.gov/notice.html</privacy_policy_url>
</current_observation>
