<?xml version="1.0" encoding="ISO-8859-1"?> 
<?xml-stylesheet href="latest_ob.xsl" type="text/xsl"?>
<current_observation version="1.0"
	 xmlns:xsd="http://www.w3.org/2001/XMLSchema"
	 xmlns:xsi="http://www.w3.org/2001/XMLSchema-instance"
	 xsi:noNamespaceSchemaLocation="http://www.weather.gov/view/current_observation.xsd">
	<credit>NOAA's National Weather Service</credit>
	<credit_URL>http://weather.gov/</credit_URL>
	<image>
		<url>http://weather.gov/images/xml_logo.gif</url>
		<title>NOAA's National Weather Service</title>
		<link>http://weather.gov</link>
	</image>
	<suggested_pickup>15 minutes after the hour</suggested_pickup>
	<suggested_pickup_period>60</suggested_pickup_period>
	<location>Copper Mountain (12,400 feet), CO</location>
	<station_id>KCCU</station_id>
	<latitude>39.475</latitude>
	<longitude>-106.153</longitude>
	<observation_time>Last Updated on Nov 6 2009, 7:55 pm MST</observation_time>
        <observation_time_rfc822>Fri,  6 Nov 2009 19:55:00 -0700</observation_time_rfc822>
	<weather>Fair</weather>
	<temperature_string>37.0 F (3.0 C)</temperature_string>
	<temp_f>37.0</temp_f>
	<temp_c>3.0</temp_c>
	<relative_humidity>45</relative_humidity>
	<wind_string>from the Southwest at 19.6 gusting to 27.6 MPH (17 gusting to 24 KT)</wind_string>
	<wind_dir>Southwest</wind_dir>
	<wind_degrees>240</wind_degrees>
	<wind_mph>19.6</wind_mph>
	<wind_gust_mph>27.6</wind_gust_mph>
	<wind_kt>17</wind_kt>
	<wind_gust_kt>24</wind_gust_kt>
	<pressure_in>30.29</pressure_in>
	<dewpoint_string>17.6 F (-8.0 C)</dewpoint_string>
	<dewpoint_f>17.6</dewpoint_f>
	<dewpoint_c>-8.0</dewpoint_c>
	<windchill_string>27 F (-3 C)</windchill_string>
      	<windchill_f>27</windchill_f>
      	<windchill_c>-3</windchill_c>
	<visibility_mi>10.00</visibility_mi>
 	<icon_url_base>http://weather.gov/weather/images/fcicons/</icon_url_base>
	<two_day_history_url>http://www.weather.gov/data/obhistory/KCCU.html</two_day_history_url>
	<icon_url_name>nskc.jpg</icon_url_name>
	<ob_url>http://www.nws.noaa.gov/data/METAR/KCCU.1.txt</ob_url>
	<disclaimer_url>http://weather.gov/disclaimer.html</disclaimer_url>
	<copyright_url>http://weather.gov/disclaimer.html</copyright_url>
	<privacy_policy_url>http://weather.gov/notice.html</privacy_policy_url>
</current_observation>
