<?xml version="1.0" encoding="ISO-8859-1"?> 
<?xml-stylesheet href="latest_ob.xsl" type="text/xsl"?>
<current_observation version="1.0"
	 xmlns:xsd="http://www.w3.org/2001/XMLSchema"
	 xmlns:xsi="http://www.w3.org/2001/XMLSchema-instance"
	 xsi:noNamespaceSchemaLocation="http://www.weather.gov/view/current_observation.xsd">
	<credit>NOAA's National Weather Service</credit>
	<credit_URL>http://weather.gov/</credit_URL>
	<image>
		<url>http://weather.gov/images/xml_logo.gif</url>
		<title>NOAA's National Weather Service</title>
		<link>http://weather.gov</link>
	</image>
	<suggested_pickup>15 minutes after the hour</suggested_pickup>
	<suggested_pickup_period>60</suggested_pickup_period>
	<location>Carlsbad/Palomar, CA</location>
	<station_id>KCRQ</station_id>
	<latitude>33.14</latitude>
	<longitude>-117.28</longitude>
	<observation_time>Last Updated on Nov 6 2009, 6:53 pm PST</observation_time>
        <observation_time_rfc822>Fri,  6 Nov 2009 18:53:00 -0800</observation_time_rfc822>
	<weather>Mostly Cloudy</weather>
	<temperature_string>61.0 F (16.1 C)</temperature_string>
	<temp_f>61.0</temp_f>
	<temp_c>16.1</temp_c>
	<relative_humidity>81</relative_humidity>
	<wind_string>Calm</wind_string>
	<wind_dir>North</wind_dir>
	<wind_degrees>0</wind_degrees>
	<wind_mph>0.0</wind_mph>
	<wind_kt>0</wind_kt>
	<pressure_string>1014.2 mb</pressure_string>
	<pressure_mb>1014.2</pressure_mb>
	<pressure_in>29.96</pressure_in>
	<dewpoint_string>55.0 F (12.8 C)</dewpoint_string>
	<dewpoint_f>55.0</dewpoint_f>
	<dewpoint_c>12.8</dewpoint_c>
	<visibility_mi>7.00</visibility_mi>
 	<icon_url_base>http://weather.gov/weather/images/fcicons/</icon_url_base>
	<two_day_history_url>http://www.weather.gov/data/obhistory/KCRQ.html</two_day_history_url>
	<icon_url_name>bkn.jpg</icon_url_name>
	<ob_url>http://www.nws.noaa.gov/data/METAR/KCRQ.1.txt</ob_url>
	<disclaimer_url>http://weather.gov/disclaimer.html</disclaimer_url>
	<copyright_url>http://weather.gov/disclaimer.html</copyright_url>
	<privacy_policy_url>http://weather.gov/notice.html</privacy_policy_url>
</current_observation>
