<?xml version="1.0" encoding="ISO-8859-1"?> 
<?xml-stylesheet href="latest_ob.xsl" type="text/xsl"?>
<current_observation version="1.0"
	 xmlns:xsd="http://www.w3.org/2001/XMLSchema"
	 xmlns:xsi="http://www.w3.org/2001/XMLSchema-instance"
	 xsi:noNamespaceSchemaLocation="http://www.weather.gov/view/current_observation.xsd">
	<credit>NOAA's National Weather Service</credit>
	<credit_URL>http://weather.gov/</credit_URL>
	<image>
		<url>http://weather.gov/images/xml_logo.gif</url>
		<title>NOAA's National Weather Service</title>
		<link>http://weather.gov</link>
	</image>
	<suggested_pickup>15 minutes after the hour</suggested_pickup>
	<suggested_pickup_period>60</suggested_pickup_period>
	<location>Baltimore, Inner Harbor, MD</location>
	<station_id>KDMH</station_id>
	<latitude>39.28</latitude>
	<longitude>-76.61</longitude>
	<observation_time>Last Updated on Nov 6 2009, 9:54 pm EST</observation_time>
        <observation_time_rfc822>Fri,  6 Nov 2009 21:54:00 -0500</observation_time_rfc822>
	<temperature_string>43.0 F (6.1 C)</temperature_string>
	<temp_f>43.0</temp_f>
	<temp_c>6.1</temp_c>
	<relative_humidity>53</relative_humidity>
	<pressure_string>1026.9 mb</pressure_string>
	<pressure_mb>1026.9</pressure_mb>
	<pressure_in>30.33</pressure_in>
	<dewpoint_string>27.0 F (-2.8 C)</dewpoint_string>
	<dewpoint_f>27.0</dewpoint_f>
	<dewpoint_c>-2.8</dewpoint_c>
	<two_day_history_url>http://www.weather.gov/data/obhistory/KDMH.html</two_day_history_url>
	<ob_url>http://www.nws.noaa.gov/data/METAR/KDMH.1.txt</ob_url>
	<disclaimer_url>http://weather.gov/disclaimer.html</disclaimer_url>
	<copyright_url>http://weather.gov/disclaimer.html</copyright_url>
	<privacy_policy_url>http://weather.gov/notice.html</privacy_policy_url>
</current_observation>
