<?xml version="1.0" encoding="ISO-8859-1"?> 
<?xml-stylesheet href="latest_ob.xsl" type="text/xsl"?>
<current_observation version="1.0"
	 xmlns:xsd="http://www.w3.org/2001/XMLSchema"
	 xmlns:xsi="http://www.w3.org/2001/XMLSchema-instance"
	 xsi:noNamespaceSchemaLocation="http://www.weather.gov/view/current_observation.xsd">
	<credit>NOAA's National Weather Service</credit>
	<credit_URL>http://weather.gov/</credit_URL>
	<image>
		<url>http://weather.gov/images/xml_logo.gif</url>
		<title>NOAA's National Weather Service</title>
		<link>http://weather.gov</link>
	</image>
	<suggested_pickup>15 minutes after the hour</suggested_pickup>
	<suggested_pickup_period>60</suggested_pickup_period>
	<location>Manassas Municipal Automatic Weather Observing, VA</location>
	<station_id>KHEF</station_id>
	<latitude>38.72</latitude>
	<longitude>-77.52</longitude>
	<observation_time>Last Updated on Nov 6 2009, 8:55 am EST</observation_time>
        <observation_time_rfc822>Fri,  6 Nov 2009 08:55:00 -0500</observation_time_rfc822>
	<weather>Fair</weather>
	<temperature_string>45.0 F (7.0 C)</temperature_string>
	<temp_f>45.0</temp_f>
	<temp_c>7.0</temp_c>
	<relative_humidity>46</relative_humidity>
	<wind_string>from the Northwest at 13.8 gusting to 25.3 MPH (12 gusting to 22 KT)</wind_string>
	<wind_dir>Northwest</wind_dir>
	<wind_degrees>330</wind_degrees>
	<wind_mph>13.8</wind_mph>
	<wind_gust_mph>25.3</wind_gust_mph>
	<wind_kt>12</wind_kt>
	<wind_gust_kt>22</wind_gust_kt>
	<pressure_in>30.38</pressure_in>
	<dewpoint_string>24.8 F (-4.0 C)</dewpoint_string>
	<dewpoint_f>24.8</dewpoint_f>
	<dewpoint_c>-4.0</dewpoint_c>
	<windchill_string>39 F (4 C)</windchill_string>
      	<windchill_f>39</windchill_f>
      	<windchill_c>4</windchill_c>
	<visibility_mi>10.00</visibility_mi>
 	<icon_url_base>http://weather.gov/weather/images/fcicons/</icon_url_base>
	<two_day_history_url>http://www.weather.gov/data/obhistory/KHEF.html</two_day_history_url>
	<icon_url_name>skc.jpg</icon_url_name>
	<ob_url>http://www.nws.noaa.gov/data/METAR/KHEF.1.txt</ob_url>
	<disclaimer_url>http://weather.gov/disclaimer.html</disclaimer_url>
	<copyright_url>http://weather.gov/disclaimer.html</copyright_url>
	<privacy_policy_url>http://weather.gov/notice.html</privacy_policy_url>
</current_observation>
