<?xml version="1.0" encoding="ISO-8859-1"?> 
<current_observation version="1.0"
	 xmlns:xsd="http://www.w3.org/2001/XMLSchema"
	 xmlns:xsi="http://www.w3.org/2001/XMLSchema-instance"
	 xsi:noNamespaceSchemaLocation="http://www.weather.gov/xml/current_obs/current_observation.xsd">
	<credit>NOAA's National Weather Service</credit>
	<credit_URL>http://weather.gov/</credit_URL>
	<image>
		<url>http://weather.gov/images/xml_logo.gif</url>
		<title>NOAA's National Weather Service</title>
		<link>http://weather.gov</link>
	</image>
	<suggested_pickup>15 minutes after the hour</suggested_pickup>
	<suggested_pickup_period>60</suggested_pickup_period>
	<location>I-25 Divide, WY</location>
	<station_id>KIDV</station_id>
        <latitude>43.94</latitude>
        <longitude>-106.64</longitude>
	<observation_time>Last Updated on Jun 4, 10:00 am EDT</observation_time>
	<observation_time_rfc822>Thu,  4 Jun 2009 10:00:00 -0400 EDT</observation_time_rfc822>
        <weather>NA</weather>
        <temperature_string>59 F (15 C)</temperature_string>
        <temp_f>59</temp_f>
        <temp_c>15</temp_c>
        <relative_humidity>NA</relative_humidity>
        <wind_string>NA</wind_string>
        <wind_dir>East</wind_dir>
        <wind_degrees>100</wind_degrees>
        <wind_mph>4.6</wind_mph>
        <wind_gust_mph>NA</wind_gust_mph>
        <pressure_string>NA</pressure_string>
        <pressure_mb>NA</pressure_mb>
        <pressure_in>30.03</pressure_in>
        <dewpoint_string>55 F (13 C)</dewpoint_string>
        <dewpoint_f>55</dewpoint_f>
        <dewpoint_c>13</dewpoint_c> 
        <heat_index_string>NA</heat_index_string>         
        <heat_index_f>NA</heat_index_f>
        <heat_index_c>NA</heat_index_c>
      	<windchill_string>59 F (15 C)</windchill_string>
      	<windchill_f>59</windchill_f>
      	<windchill_c>15</windchill_c>
        <visibility_mi>NA</visibility_mi>
 	<icon_url_base>http://weather.gov/weather/images/fcicons/</icon_url_base>	
	<icon_url_name>sct.jpg</icon_url_name>
	<two_day_history_url>http://www.weather.gov/data/obhistory/KIDV.html</two_day_history_url>
	<ob_url>http://www.nws.noaa.gov/data/METAR/KIDV.1.txt</ob_url>
	<disclaimer_url>http://weather.gov/disclaimer.html</disclaimer_url>
	<copyright_url>http://weather.gov/disclaimer.html</copyright_url>
	<privacy_policy_url>http://weather.gov/notice.html</privacy_policy_url>
</current_observation>
	