<?xml version="1.0" encoding="ISO-8859-1"?> 
<?xml-stylesheet href="latest_ob.xsl" type="text/xsl"?>
<current_observation version="1.0"
	 xmlns:xsd="http://www.w3.org/2001/XMLSchema"
	 xmlns:xsi="http://www.w3.org/2001/XMLSchema-instance"
	 xsi:noNamespaceSchemaLocation="http://www.weather.gov/view/current_observation.xsd">
	<credit>NOAA's National Weather Service</credit>
	<credit_URL>http://weather.gov/</credit_URL>
	<image>
		<url>http://weather.gov/images/xml_logo.gif</url>
		<title>NOAA's National Weather Service</title>
		<link>http://weather.gov</link>
	</image>
	<suggested_pickup>15 minutes after the hour</suggested_pickup>
	<suggested_pickup_period>60</suggested_pickup_period>
	<location>Iowa Falls Municipal Airport, IA</location>
	<station_id>KIFA</station_id>
	<latitude>42.4708</latitude>
	<longitude>-93.27</longitude>
	<observation_time>Last Updated on Nov 6 2009, 8:55 pm CST</observation_time>
        <observation_time_rfc822>Fri,  6 Nov 2009 20:55:00 -0600</observation_time_rfc822>
	<weather>Partly Cloudy</weather>
	<temperature_string>55.0 F (13.0 C)</temperature_string>
	<temp_f>55.0</temp_f>
	<temp_c>13.0</temp_c>
	<relative_humidity>77</relative_humidity>
	<wind_string>South at 15.0 MPH (13 KT)</wind_string>
	<wind_dir>South</wind_dir>
	<wind_degrees>180</wind_degrees>
	<wind_mph>15.0</wind_mph>
	<wind_kt>13</wind_kt>
	<pressure_in>29.66</pressure_in>
	<dewpoint_string>48.2 F (9.0 C)</dewpoint_string>
	<dewpoint_f>48.2</dewpoint_f>
	<dewpoint_c>9.0</dewpoint_c>
	<windchill_string>51 F (11 C)</windchill_string>
      	<windchill_f>51</windchill_f>
      	<windchill_c>11</windchill_c>
	<visibility_mi>10.00</visibility_mi>
 	<icon_url_base>http://weather.gov/weather/images/fcicons/</icon_url_base>
	<two_day_history_url>http://www.weather.gov/data/obhistory/KIFA.html</two_day_history_url>
	<icon_url_name>nsct.jpg</icon_url_name>
	<ob_url>http://www.nws.noaa.gov/data/METAR/KIFA.1.txt</ob_url>
	<disclaimer_url>http://weather.gov/disclaimer.html</disclaimer_url>
	<copyright_url>http://weather.gov/disclaimer.html</copyright_url>
	<privacy_policy_url>http://weather.gov/notice.html</privacy_policy_url>
</current_observation>
