<?xml version="1.0" encoding="ISO-8859-1"?> 
<?xml-stylesheet href="latest_ob.xsl" type="text/xsl"?>
<current_observation version="1.0"
	 xmlns:xsd="http://www.w3.org/2001/XMLSchema"
	 xmlns:xsi="http://www.w3.org/2001/XMLSchema-instance"
	 xsi:noNamespaceSchemaLocation="http://www.weather.gov/view/current_observation.xsd">
	<credit>NOAA's National Weather Service</credit>
	<credit_URL>http://weather.gov/</credit_URL>
	<image>
		<url>http://weather.gov/images/xml_logo.gif</url>
		<title>NOAA's National Weather Service</title>
		<link>http://weather.gov</link>
	</image>
	<suggested_pickup>15 minutes after the hour</suggested_pickup>
	<suggested_pickup_period>60</suggested_pickup_period>
	<location>Kingman (amos), AZ</location>
	<station_id>KIGM</station_id>
	<latitude>35.28</latitude>
	<longitude>-113.95</longitude>
	<observation_time>Last Updated on Nov 6 2009, 7:51 pm MST</observation_time>
        <observation_time_rfc822>Fri,  6 Nov 2009 19:51:00 -0700</observation_time_rfc822>
	<weather>Fair</weather>
	<temperature_string>63.0 F (17.2 C)</temperature_string>
	<temp_f>63.0</temp_f>
	<temp_c>17.2</temp_c>
	<relative_humidity>38</relative_humidity>
	<wind_string>South at 9.2 MPH (8 KT)</wind_string>
	<wind_dir>South</wind_dir>
	<wind_degrees>190</wind_degrees>
	<wind_mph>9.2</wind_mph>
	<wind_kt>8</wind_kt>
	<pressure_string>1009.8 mb</pressure_string>
	<pressure_mb>1009.8</pressure_mb>
	<pressure_in>29.96</pressure_in>
	<dewpoint_string>37.0 F (2.8 C)</dewpoint_string>
	<dewpoint_f>37.0</dewpoint_f>
	<dewpoint_c>2.8</dewpoint_c>
	<windchill_string>62 F (17 C)</windchill_string>
      	<windchill_f>62</windchill_f>
      	<windchill_c>17</windchill_c>
	<visibility_mi>10.00</visibility_mi>
 	<icon_url_base>http://weather.gov/weather/images/fcicons/</icon_url_base>
	<two_day_history_url>http://www.weather.gov/data/obhistory/KIGM.html</two_day_history_url>
	<icon_url_name>nskc.jpg</icon_url_name>
	<ob_url>http://www.nws.noaa.gov/data/METAR/KIGM.1.txt</ob_url>
	<disclaimer_url>http://weather.gov/disclaimer.html</disclaimer_url>
	<copyright_url>http://weather.gov/disclaimer.html</copyright_url>
	<privacy_policy_url>http://weather.gov/notice.html</privacy_policy_url>
</current_observation>
