<?xml version="1.0" encoding="ISO-8859-1"?> 
<?xml-stylesheet href="latest_ob.xsl" type="text/xsl"?>
<current_observation version="1.0"
	 xmlns:xsd="http://www.w3.org/2001/XMLSchema"
	 xmlns:xsi="http://www.w3.org/2001/XMLSchema-instance"
	 xsi:noNamespaceSchemaLocation="http://www.weather.gov/view/current_observation.xsd">
	<credit>NOAA's National Weather Service</credit>
	<credit_URL>http://weather.gov/</credit_URL>
	<image>
		<url>http://weather.gov/images/xml_logo.gif</url>
		<title>NOAA's National Weather Service</title>
		<link>http://weather.gov</link>
	</image>
	<suggested_pickup>15 minutes after the hour</suggested_pickup>
	<suggested_pickup_period>60</suggested_pickup_period>
	<location>Livingston/Mission, MT</location>
	<station_id>KLVM</station_id>
	<latitude>45.71</latitude>
	<longitude>-110.43</longitude>
	<observation_time>Last Updated on Nov 6 2009, 6:53 pm MST</observation_time>
        <observation_time_rfc822>Fri,  6 Nov 2009 18:53:00 -0700</observation_time_rfc822>
	<weather>Partly Cloudy</weather>
	<temperature_string>40.0 F (4.4 C)</temperature_string>
	<temp_f>40.0</temp_f>
	<temp_c>4.4</temp_c>
	<relative_humidity>93</relative_humidity>
	<wind_string>Southwest at 9.2 MPH (8 KT)</wind_string>
	<wind_dir>Southwest</wind_dir>
	<wind_degrees>230</wind_degrees>
	<wind_mph>9.2</wind_mph>
	<wind_kt>8</wind_kt>
	<pressure_string>1008.3 mb</pressure_string>
	<pressure_mb>1008.3</pressure_mb>
	<pressure_in>29.81</pressure_in>
	<dewpoint_string>37.9 F (3.3 C)</dewpoint_string>
	<dewpoint_f>37.9</dewpoint_f>
	<dewpoint_c>3.3</dewpoint_c>
	<windchill_string>34 F (1 C)</windchill_string>
      	<windchill_f>34</windchill_f>
      	<windchill_c>1</windchill_c>
	<visibility_mi>10.00</visibility_mi>
 	<icon_url_base>http://weather.gov/weather/images/fcicons/</icon_url_base>
	<two_day_history_url>http://www.weather.gov/data/obhistory/KLVM.html</two_day_history_url>
	<icon_url_name>sct.jpg</icon_url_name>
	<ob_url>http://www.nws.noaa.gov/data/METAR/KLVM.1.txt</ob_url>
	<disclaimer_url>http://weather.gov/disclaimer.html</disclaimer_url>
	<copyright_url>http://weather.gov/disclaimer.html</copyright_url>
	<privacy_policy_url>http://weather.gov/notice.html</privacy_policy_url>
</current_observation>
