<?xml version="1.0" encoding="ISO-8859-1"?> 
<current_observation version="1.0"
	 xmlns:xsd="http://www.w3.org/2001/XMLSchema"
	 xmlns:xsi="http://www.w3.org/2001/XMLSchema-instance"
	 xsi:noNamespaceSchemaLocation="http://www.weather.gov/xml/current_obs/current_observation.xsd">
	<credit>NOAA's National Weather Service</credit>
	<credit_URL>http://weather.gov/</credit_URL>
	<image>
		<url>http://weather.gov/images/xml_logo.gif</url>
		<title>NOAA's National Weather Service</title>
		<link>http://weather.gov</link>
	</image>
	<suggested_pickup>15 minutes after the hour</suggested_pickup>
	<suggested_pickup_period>60</suggested_pickup_period>
	<location>Tunica Municipal Airport, MS</location>
	<station_id>KM97</station_id>
        <latitude>34.683</latitude>
        <longitude>-90.333</longitude>
	<observation_time>Last Updated on Jun 4, 8:56 am CDT</observation_time>
	<observation_time_rfc822>Thu,  4 Jun 2009 08:56:00 -0500 CDT</observation_time_rfc822>
        <weather>NA</weather>
        <temperature_string>65 F (18 C)</temperature_string>
        <temp_f>65</temp_f>
        <temp_c>18</temp_c>
        <relative_humidity>NA</relative_humidity>
        <wind_string>NA</wind_string>
        <wind_dir>Northeast</wind_dir>
        <wind_degrees>30</wind_degrees>
        <wind_mph>9.2</wind_mph>
        <wind_gust_mph>NA</wind_gust_mph>
        <pressure_string>NA</pressure_string>
        <pressure_mb>1015.6</pressure_mb>
        <pressure_in>29.96</pressure_in>
        <dewpoint_string>62 F (17 C)</dewpoint_string>
        <dewpoint_f>62</dewpoint_f>
        <dewpoint_c>17</dewpoint_c> 
        <heat_index_string>NA</heat_index_string>         
        <heat_index_f>NA</heat_index_f>
        <heat_index_c>NA</heat_index_c>
        <windchill_string>NA</windchill_string>
        <windchill_f>NA</windchill_f>
        <windchill_c>NA</windchill_c>
        <visibility_mi>NA</visibility_mi>
 	<icon_url_base>http://weather.gov/weather/images/fcicons/</icon_url_base>	
	<icon_url_name>fg.jpg</icon_url_name>
	<two_day_history_url>http://www.weather.gov/data/obhistory/KM97.html</two_day_history_url>
	<ob_url>http://www.nws.noaa.gov/data/METAR/KM97.1.txt</ob_url>
	<disclaimer_url>http://weather.gov/disclaimer.html</disclaimer_url>
	<copyright_url>http://weather.gov/disclaimer.html</copyright_url>
	<privacy_policy_url>http://weather.gov/notice.html</privacy_policy_url>
</current_observation>
	