<?xml version="1.0" encoding="ISO-8859-1"?> 
<?xml-stylesheet href="latest_ob.xsl" type="text/xsl"?>
<current_observation version="1.0"
	 xmlns:xsd="http://www.w3.org/2001/XMLSchema"
	 xmlns:xsi="http://www.w3.org/2001/XMLSchema-instance"
	 xsi:noNamespaceSchemaLocation="http://www.weather.gov/view/current_observation.xsd">
	<credit>NOAA's National Weather Service</credit>
	<credit_URL>http://weather.gov/</credit_URL>
	<image>
		<url>http://weather.gov/images/xml_logo.gif</url>
		<title>NOAA's National Weather Service</title>
		<link>http://weather.gov</link>
	</image>
	<suggested_pickup>15 minutes after the hour</suggested_pickup>
	<suggested_pickup_period>60</suggested_pickup_period>
	<location>Marietta / Dobbins Air Force Base, GA</location>
	<station_id>KMGE</station_id>
	<latitude>33.93</latitude>
	<longitude>-84.52</longitude>
	<observation_time>Last Updated on Nov 6 2009, 9:55 pm EST</observation_time>
        <observation_time_rfc822>Fri,  6 Nov 2009 21:55:00 -0500</observation_time_rfc822>
	<weather>Fair</weather>
	<temperature_string>47.0 F (8.4 C)</temperature_string>
	<temp_f>47.0</temp_f>
	<temp_c>8.4</temp_c>
	<relative_humidity>80</relative_humidity>
	<wind_string>Calm</wind_string>
	<wind_dir>North</wind_dir>
	<wind_degrees>0</wind_degrees>
	<wind_mph>0.0</wind_mph>
	<wind_kt>0</wind_kt>
	<pressure_string>1025.5 mb</pressure_string>
	<pressure_mb>1025.5</pressure_mb>
	<pressure_in>30.28</pressure_in>
	<dewpoint_string>41.2 F (5.1 C)</dewpoint_string>
	<dewpoint_f>41.2</dewpoint_f>
	<dewpoint_c>5.1</dewpoint_c>
	<visibility_mi>10.00</visibility_mi>
 	<icon_url_base>http://weather.gov/weather/images/fcicons/</icon_url_base>
	<two_day_history_url>http://www.weather.gov/data/obhistory/KMGE.html</two_day_history_url>
	<icon_url_name>nskc.jpg</icon_url_name>
	<ob_url>http://www.nws.noaa.gov/data/METAR/KMGE.1.txt</ob_url>
	<disclaimer_url>http://weather.gov/disclaimer.html</disclaimer_url>
	<copyright_url>http://weather.gov/disclaimer.html</copyright_url>
	<privacy_policy_url>http://weather.gov/notice.html</privacy_policy_url>
</current_observation>
