<?xml version="1.0" encoding="ISO-8859-1"?> 
<?xml-stylesheet href="latest_ob.xsl" type="text/xsl"?>
<current_observation version="1.0"
	 xmlns:xsd="http://www.w3.org/2001/XMLSchema"
	 xmlns:xsi="http://www.w3.org/2001/XMLSchema-instance"
	 xsi:noNamespaceSchemaLocation="http://www.weather.gov/view/current_observation.xsd">
	<credit>NOAA's National Weather Service</credit>
	<credit_URL>http://weather.gov/</credit_URL>
	<image>
		<url>http://weather.gov/images/xml_logo.gif</url>
		<title>NOAA's National Weather Service</title>
		<link>http://weather.gov</link>
	</image>
	<suggested_pickup>15 minutes after the hour</suggested_pickup>
	<suggested_pickup_period>60</suggested_pickup_period>
	<location>Mount Washington, NH</location>
	<station_id>KMWN</station_id>
	<latitude>44.28</latitude>
	<longitude>-71.3</longitude>
	<observation_time>Last Updated on Nov 6 2009, 8:57 pm EST</observation_time>
        <observation_time_rfc822>Fri,  6 Nov 2009 20:57:00 -0500</observation_time_rfc822>
	<weather>Freezing Fog and Windy</weather>
	<temperature_string>10.0 F (-12.0 C)</temperature_string>
	<temp_f>10.0</temp_f>
	<temp_c>-12.0</temp_c>
	<relative_humidity>100</relative_humidity>
	<wind_string>West at 26.5 MPH (23 KT)</wind_string>
	<wind_dir>West</wind_dir>
	<wind_degrees>280</wind_degrees>
	<wind_mph>26.5</wind_mph>
	<wind_kt>23</wind_kt>
	<dewpoint_string>10.4 F (-12.0 C)</dewpoint_string>
	<dewpoint_f>10.4</dewpoint_f>
	<dewpoint_c>-12.0</dewpoint_c>
	<windchill_string>-11 F (-24 C)</windchill_string>
      	<windchill_f>-11</windchill_f>
      	<windchill_c>-24</windchill_c>
	<visibility_mi>0.06</visibility_mi>
	<two_day_history_url>http://www.weather.gov/data/obhistory/KMWN.html</two_day_history_url>
	<ob_url>http://www.nws.noaa.gov/data/METAR/KMWN.1.txt</ob_url>
	<disclaimer_url>http://weather.gov/disclaimer.html</disclaimer_url>
	<copyright_url>http://weather.gov/disclaimer.html</copyright_url>
	<privacy_policy_url>http://weather.gov/notice.html</privacy_policy_url>
</current_observation>
