<?xml version="1.0" encoding="ISO-8859-1"?> 
<?xml-stylesheet href="latest_ob.xsl" type="text/xsl"?>
<current_observation version="1.0"
	 xmlns:xsd="http://www.w3.org/2001/XMLSchema"
	 xmlns:xsi="http://www.w3.org/2001/XMLSchema-instance"
	 xsi:noNamespaceSchemaLocation="http://www.weather.gov/view/current_observation.xsd">
	<credit>NOAA's National Weather Service</credit>
	<credit_URL>http://weather.gov/</credit_URL>
	<image>
		<url>http://weather.gov/images/xml_logo.gif</url>
		<title>NOAA's National Weather Service</title>
		<link>http://weather.gov</link>
	</image>
	<suggested_pickup>15 minutes after the hour</suggested_pickup>
	<suggested_pickup_period>60</suggested_pickup_period>
	<location>Omaha, Eppley Airfield, NE</location>
	<station_id>KOMA</station_id>
	<latitude>41.3</latitude>
	<longitude>-95.9</longitude>
	<observation_time>Last Updated on Nov 6 2009, 8:52 pm CST</observation_time>
        <observation_time_rfc822>Fri,  6 Nov 2009 20:52:00 -0600</observation_time_rfc822>
	<weather>Fair</weather>
	<temperature_string>54.0 F (12.2 C)</temperature_string>
	<temp_f>54.0</temp_f>
	<temp_c>12.2</temp_c>
	<relative_humidity>77</relative_humidity>
	<wind_string>South at 8.1 MPH (7 KT)</wind_string>
	<wind_dir>South</wind_dir>
	<wind_degrees>160</wind_degrees>
	<wind_mph>8.1</wind_mph>
	<wind_kt>7</wind_kt>
	<pressure_string>1005.7 mb</pressure_string>
	<pressure_mb>1005.7</pressure_mb>
	<pressure_in>29.70</pressure_in>
	<dewpoint_string>46.9 F (8.3 C)</dewpoint_string>
	<dewpoint_f>46.9</dewpoint_f>
	<dewpoint_c>8.3</dewpoint_c>
	<windchill_string>52 F (11 C)</windchill_string>
      	<windchill_f>52</windchill_f>
      	<windchill_c>11</windchill_c>
	<visibility_mi>10.00</visibility_mi>
 	<icon_url_base>http://weather.gov/weather/images/fcicons/</icon_url_base>
	<two_day_history_url>http://www.weather.gov/data/obhistory/KOMA.html</two_day_history_url>
	<icon_url_name>nskc.jpg</icon_url_name>
	<ob_url>http://www.nws.noaa.gov/data/METAR/KOMA.1.txt</ob_url>
	<disclaimer_url>http://weather.gov/disclaimer.html</disclaimer_url>
	<copyright_url>http://weather.gov/disclaimer.html</copyright_url>
	<privacy_policy_url>http://weather.gov/notice.html</privacy_policy_url>
</current_observation>
