<?xml version="1.0" encoding="ISO-8859-1"?> 
<?xml-stylesheet href="latest_ob.xsl" type="text/xsl"?>
<current_observation version="1.0"
	 xmlns:xsd="http://www.w3.org/2001/XMLSchema"
	 xmlns:xsi="http://www.w3.org/2001/XMLSchema-instance"
	 xsi:noNamespaceSchemaLocation="http://www.weather.gov/view/current_observation.xsd">
	<credit>NOAA's National Weather Service</credit>
	<credit_URL>http://weather.gov/</credit_URL>
	<image>
		<url>http://weather.gov/images/xml_logo.gif</url>
		<title>NOAA's National Weather Service</title>
		<link>http://weather.gov</link>
	</image>
	<suggested_pickup>15 minutes after the hour</suggested_pickup>
	<suggested_pickup_period>60</suggested_pickup_period>
	<location>Chicago/Ohare, IL</location>
	<station_id>KORD</station_id>
	<latitude>41.98</latitude>
	<longitude>-87.9</longitude>
	<observation_time>Last Updated on Nov 6 2009, 8:51 pm CST</observation_time>
        <observation_time_rfc822>Fri,  6 Nov 2009 20:51:00 -0600</observation_time_rfc822>
	<weather>Mostly Cloudy</weather>
	<temperature_string>56.0 F (13.3 C)</temperature_string>
	<temp_f>56.0</temp_f>
	<temp_c>13.3</temp_c>
	<relative_humidity>46</relative_humidity>
	<wind_string>from the South at 19.6 gusting to 26.5 MPH (17 gusting to 23 KT)</wind_string>
	<wind_dir>South</wind_dir>
	<wind_degrees>190</wind_degrees>
	<wind_mph>19.6</wind_mph>
	<wind_gust_mph>26.5</wind_gust_mph>
	<wind_kt>17</wind_kt>
	<wind_gust_kt>23</wind_gust_kt>
	<pressure_string>1012.7 mb</pressure_string>
	<pressure_mb>1012.7</pressure_mb>
	<pressure_in>29.90</pressure_in>
	<dewpoint_string>35.1 F (1.7 C)</dewpoint_string>
	<dewpoint_f>35.1</dewpoint_f>
	<dewpoint_c>1.7</dewpoint_c>
	<windchill_string>52 F (11 C)</windchill_string>
      	<windchill_f>52</windchill_f>
      	<windchill_c>11</windchill_c>
	<visibility_mi>10.00</visibility_mi>
 	<icon_url_base>http://weather.gov/weather/images/fcicons/</icon_url_base>
	<two_day_history_url>http://www.weather.gov/data/obhistory/KORD.html</two_day_history_url>
	<icon_url_name>nbkn.jpg</icon_url_name>
	<ob_url>http://www.nws.noaa.gov/data/METAR/KORD.1.txt</ob_url>
	<disclaimer_url>http://weather.gov/disclaimer.html</disclaimer_url>
	<copyright_url>http://weather.gov/disclaimer.html</copyright_url>
	<privacy_policy_url>http://weather.gov/notice.html</privacy_policy_url>
</current_observation>
