<?xml version="1.0" encoding="ISO-8859-1"?> 
<?xml-stylesheet href="latest_ob.xsl" type="text/xsl"?>
<current_observation version="1.0"
	 xmlns:xsd="http://www.w3.org/2001/XMLSchema"
	 xmlns:xsi="http://www.w3.org/2001/XMLSchema-instance"
	 xsi:noNamespaceSchemaLocation="http://www.weather.gov/view/current_observation.xsd">
	<credit>NOAA's National Weather Service</credit>
	<credit_URL>http://weather.gov/</credit_URL>
	<image>
		<url>http://weather.gov/images/xml_logo.gif</url>
		<title>NOAA's National Weather Service</title>
		<link>http://weather.gov</link>
	</image>
	<suggested_pickup>15 minutes after the hour</suggested_pickup>
	<suggested_pickup_period>60</suggested_pickup_period>
	<location>Port Hope, MI</location>
	<station_id>KP58</station_id>
	<latitude>44.022</latitude>
	<longitude>-82.793</longitude>
	<observation_time>Last Updated on Nov 6 2009, 9:51 pm EST</observation_time>
        <observation_time_rfc822>Fri,  6 Nov 2009 21:51:00 -0500</observation_time_rfc822>
	<temperature_string>44.0 F (6.7 C)</temperature_string>
	<temp_f>44.0</temp_f>
	<temp_c>6.7</temp_c>
	<relative_humidity>58</relative_humidity>
	<wind_string>from the South at 8.1 gusting to 20.7 MPH (7 gusting to 18 KT)</wind_string>
	<wind_dir>South</wind_dir>
	<wind_degrees>170</wind_degrees>
	<wind_mph>8.1</wind_mph>
	<wind_gust_mph>20.7</wind_gust_mph>
	<wind_kt>7</wind_kt>
	<wind_gust_kt>18</wind_gust_kt>
	<pressure_string>1016.4 mb</pressure_string>
	<pressure_mb>1016.4</pressure_mb>
	<pressure_in>30.00</pressure_in>
	<dewpoint_string>30.0 F (-1.1 C)</dewpoint_string>
	<dewpoint_f>30.0</dewpoint_f>
	<dewpoint_c>-1.1</dewpoint_c>
	<windchill_string>39 F (4 C)</windchill_string>
      	<windchill_f>39</windchill_f>
      	<windchill_c>4</windchill_c>
	<two_day_history_url>http://www.weather.gov/data/obhistory/KP58.html</two_day_history_url>
	<ob_url>http://www.nws.noaa.gov/data/METAR/KP58.1.txt</ob_url>
	<disclaimer_url>http://weather.gov/disclaimer.html</disclaimer_url>
	<copyright_url>http://weather.gov/disclaimer.html</copyright_url>
	<privacy_policy_url>http://weather.gov/notice.html</privacy_policy_url>
</current_observation>
