<?xml version="1.0" encoding="ISO-8859-1"?> 
<?xml-stylesheet href="latest_ob.xsl" type="text/xsl"?>
<current_observation version="1.0"
	 xmlns:xsd="http://www.w3.org/2001/XMLSchema"
	 xmlns:xsi="http://www.w3.org/2001/XMLSchema-instance"
	 xsi:noNamespaceSchemaLocation="http://www.weather.gov/view/current_observation.xsd">
	<credit>NOAA's National Weather Service</credit>
	<credit_URL>http://weather.gov/</credit_URL>
	<image>
		<url>http://weather.gov/images/xml_logo.gif</url>
		<title>NOAA's National Weather Service</title>
		<link>http://weather.gov</link>
	</image>
	<suggested_pickup>15 minutes after the hour</suggested_pickup>
	<suggested_pickup_period>60</suggested_pickup_period>
	<location>New Philadelphia, Harry Clever Field, OH</location>
	<station_id>KPHD</station_id>
	<latitude>40.47</latitude>
	<longitude>-81.42</longitude>
	<observation_time>Last Updated on Nov 6 2009, 9:53 pm EST</observation_time>
        <observation_time_rfc822>Fri,  6 Nov 2009 21:53:00 -0500</observation_time_rfc822>
	<weather>Fair</weather>
	<temperature_string>38.0 F (3.3 C)</temperature_string>
	<temp_f>38.0</temp_f>
	<temp_c>3.3</temp_c>
	<relative_humidity>73</relative_humidity>
	<wind_string>South at 5.8 MPH (5 KT)</wind_string>
	<wind_dir>South</wind_dir>
	<wind_degrees>160</wind_degrees>
	<wind_mph>5.8</wind_mph>
	<wind_kt>5</wind_kt>
	<pressure_string>1023.5 mb</pressure_string>
	<pressure_mb>1023.5</pressure_mb>
	<pressure_in>30.21</pressure_in>
	<dewpoint_string>30.0 F (-1.1 C)</dewpoint_string>
	<dewpoint_f>30.0</dewpoint_f>
	<dewpoint_c>-1.1</dewpoint_c>
	<windchill_string>34 F (1 C)</windchill_string>
      	<windchill_f>34</windchill_f>
      	<windchill_c>1</windchill_c>
	<visibility_mi>10.00</visibility_mi>
 	<icon_url_base>http://weather.gov/weather/images/fcicons/</icon_url_base>
	<two_day_history_url>http://www.weather.gov/data/obhistory/KPHD.html</two_day_history_url>
	<icon_url_name>nskc.jpg</icon_url_name>
	<ob_url>http://www.nws.noaa.gov/data/METAR/KPHD.1.txt</ob_url>
	<disclaimer_url>http://weather.gov/disclaimer.html</disclaimer_url>
	<copyright_url>http://weather.gov/disclaimer.html</copyright_url>
	<privacy_policy_url>http://weather.gov/notice.html</privacy_policy_url>
</current_observation>
