<?xml version="1.0" encoding="ISO-8859-1"?> 
<?xml-stylesheet href="latest_ob.xsl" type="text/xsl"?>
<current_observation version="1.0"
	 xmlns:xsd="http://www.w3.org/2001/XMLSchema"
	 xmlns:xsi="http://www.w3.org/2001/XMLSchema-instance"
	 xsi:noNamespaceSchemaLocation="http://www.weather.gov/view/current_observation.xsd">
	<credit>NOAA's National Weather Service</credit>
	<credit_URL>http://weather.gov/</credit_URL>
	<image>
		<url>http://weather.gov/images/xml_logo.gif</url>
		<title>NOAA's National Weather Service</title>
		<link>http://weather.gov</link>
	</image>
	<suggested_pickup>15 minutes after the hour</suggested_pickup>
	<suggested_pickup_period>60</suggested_pickup_period>
	<location>Northeast Philadelphia Airport, PA</location>
	<station_id>KPNE</station_id>
	<latitude>40.09</latitude>
	<longitude>-75.02</longitude>
	<observation_time>Last Updated on Nov 6 2009, 9:54 pm EST</observation_time>
        <observation_time_rfc822>Fri,  6 Nov 2009 21:54:00 -0500</observation_time_rfc822>
	<weather>Fair</weather>
	<temperature_string>35.0 F (1.7 C)</temperature_string>
	<temp_f>35.0</temp_f>
	<temp_c>1.7</temp_c>
	<relative_humidity>70</relative_humidity>
	<wind_string>Calm</wind_string>
	<wind_dir>North</wind_dir>
	<wind_degrees>0</wind_degrees>
	<wind_mph>0.0</wind_mph>
	<wind_kt>0</wind_kt>
	<pressure_string>1027.7 mb</pressure_string>
	<pressure_mb>1027.7</pressure_mb>
	<pressure_in>30.35</pressure_in>
	<dewpoint_string>26.1 F (-3.3 C)</dewpoint_string>
	<dewpoint_f>26.1</dewpoint_f>
	<dewpoint_c>-3.3</dewpoint_c>
	<visibility_mi>10.00</visibility_mi>
 	<icon_url_base>http://weather.gov/weather/images/fcicons/</icon_url_base>
	<two_day_history_url>http://www.weather.gov/data/obhistory/KPNE.html</two_day_history_url>
	<icon_url_name>nskc.jpg</icon_url_name>
	<ob_url>http://www.nws.noaa.gov/data/METAR/KPNE.1.txt</ob_url>
	<disclaimer_url>http://weather.gov/disclaimer.html</disclaimer_url>
	<copyright_url>http://weather.gov/disclaimer.html</copyright_url>
	<privacy_policy_url>http://weather.gov/notice.html</privacy_policy_url>
</current_observation>
