<?xml version="1.0" encoding="ISO-8859-1"?> 
<?xml-stylesheet href="latest_ob.xsl" type="text/xsl"?>
<current_observation version="1.0"
	 xmlns:xsd="http://www.w3.org/2001/XMLSchema"
	 xmlns:xsi="http://www.w3.org/2001/XMLSchema-instance"
	 xsi:noNamespaceSchemaLocation="http://www.weather.gov/view/current_observation.xsd">
	<credit>NOAA's National Weather Service</credit>
	<credit_URL>http://weather.gov/</credit_URL>
	<image>
		<url>http://weather.gov/images/xml_logo.gif</url>
		<title>NOAA's National Weather Service</title>
		<link>http://weather.gov</link>
	</image>
	<suggested_pickup>15 minutes after the hour</suggested_pickup>
	<suggested_pickup_period>60</suggested_pickup_period>
	<location>Nueces County Airport, TX</location>
	<station_id>KRBO</station_id>
	<latitude>27.779</latitude>
	<longitude>-97.691</longitude>
	<observation_time>Last Updated on Nov 5 2009, 10:55 am CST</observation_time>
        <observation_time_rfc822>Thu,  5 Nov 2009 10:55:00 -0600</observation_time_rfc822>
	<weather>Fair</weather>
	<temperature_string>75.0 F (24.0 C)</temperature_string>
	<temp_f>75.0</temp_f>
	<temp_c>24.0</temp_c>
	<relative_humidity>61</relative_humidity>
	<wind_string>Northeast at 5.8 MPH (5 KT)</wind_string>
	<wind_dir>Northeast</wind_dir>
	<wind_degrees>60</wind_degrees>
	<wind_mph>5.8</wind_mph>
	<wind_kt>5</wind_kt>
	<pressure_in>30.38</pressure_in>
	<dewpoint_string>60.8 F (16.0 C)</dewpoint_string>
	<dewpoint_f>60.8</dewpoint_f>
	<dewpoint_c>16.0</dewpoint_c>
	<visibility_mi>10.00</visibility_mi>
 	<icon_url_base>http://weather.gov/weather/images/fcicons/</icon_url_base>
	<two_day_history_url>http://www.weather.gov/data/obhistory/KRBO.html</two_day_history_url>
	<icon_url_name>skc.jpg</icon_url_name>
	<ob_url>http://www.nws.noaa.gov/data/METAR/KRBO.1.txt</ob_url>
	<disclaimer_url>http://weather.gov/disclaimer.html</disclaimer_url>
	<copyright_url>http://weather.gov/disclaimer.html</copyright_url>
	<privacy_policy_url>http://weather.gov/notice.html</privacy_policy_url>
</current_observation>
