<?xml version="1.0" encoding="ISO-8859-1"?> 
<?xml-stylesheet href="latest_ob.xsl" type="text/xsl"?>
<current_observation version="1.0"
	 xmlns:xsd="http://www.w3.org/2001/XMLSchema"
	 xmlns:xsi="http://www.w3.org/2001/XMLSchema-instance"
	 xsi:noNamespaceSchemaLocation="http://www.weather.gov/view/current_observation.xsd">
	<credit>NOAA's National Weather Service</credit>
	<credit_URL>http://weather.gov/</credit_URL>
	<image>
		<url>http://weather.gov/images/xml_logo.gif</url>
		<title>NOAA's National Weather Service</title>
		<link>http://weather.gov</link>
	</image>
	<suggested_pickup>15 minutes after the hour</suggested_pickup>
	<suggested_pickup_period>60</suggested_pickup_period>
	<location>T P McCampbell Airport, TX</location>
	<station_id>KTFP</station_id>
	<latitude>27.91</latitude>
	<longitude>-97.21</longitude>
	<observation_time>Last Updated on Nov 6 2009, 8:45 pm CST</observation_time>
        <observation_time_rfc822>Fri,  6 Nov 2009 20:45:00 -0600</observation_time_rfc822>
	<weather>Fair</weather>
	<temperature_string>66.0 F (19.0 C)</temperature_string>
	<temp_f>66.0</temp_f>
	<temp_c>19.0</temp_c>
	<relative_humidity>88</relative_humidity>
	<wind_string>East at 3.5 MPH (3 KT)</wind_string>
	<wind_dir>East</wind_dir>
	<wind_degrees>70</wind_degrees>
	<wind_mph>3.5</wind_mph>
	<wind_kt>3</wind_kt>
	<pressure_in>30.13</pressure_in>
	<dewpoint_string>62.6 F (17.0 C)</dewpoint_string>
	<dewpoint_f>62.6</dewpoint_f>
	<dewpoint_c>17.0</dewpoint_c>
	<visibility_mi>10.00</visibility_mi>
 	<icon_url_base>http://weather.gov/weather/images/fcicons/</icon_url_base>
	<two_day_history_url>http://www.weather.gov/data/obhistory/KTFP.html</two_day_history_url>
	<icon_url_name>nskc.jpg</icon_url_name>
	<ob_url>http://www.nws.noaa.gov/data/METAR/KTFP.1.txt</ob_url>
	<disclaimer_url>http://weather.gov/disclaimer.html</disclaimer_url>
	<copyright_url>http://weather.gov/disclaimer.html</copyright_url>
	<privacy_policy_url>http://weather.gov/notice.html</privacy_policy_url>
</current_observation>
