<?xml version="1.0" encoding="ISO-8859-1"?> 
<?xml-stylesheet href="latest_ob.xsl" type="text/xsl"?>
<current_observation version="1.0"
	 xmlns:xsd="http://www.w3.org/2001/XMLSchema"
	 xmlns:xsi="http://www.w3.org/2001/XMLSchema-instance"
	 xsi:noNamespaceSchemaLocation="http://www.weather.gov/view/current_observation.xsd">
	<credit>NOAA's National Weather Service</credit>
	<credit_URL>http://weather.gov/</credit_URL>
	<image>
		<url>http://weather.gov/images/xml_logo.gif</url>
		<title>NOAA's National Weather Service</title>
		<link>http://weather.gov</link>
	</image>
	<suggested_pickup>15 minutes after the hour</suggested_pickup>
	<suggested_pickup_period>60</suggested_pickup_period>
	<location>Boone, Watauga County Hospital Heliport, NC</location>
	<station_id>KTNB</station_id>
	<latitude>36.199</latitude>
	<longitude>-81.651</longitude>
	<observation_time>Last Updated on Nov 6 2009, 10:01 pm EST</observation_time>
        <observation_time_rfc822>Fri,  6 Nov 2009 22:01:00 -0500</observation_time_rfc822>
	<weather>Fair</weather>
	<temperature_string>39.0 F (4.0 C)</temperature_string>
	<temp_f>39.0</temp_f>
	<temp_c>4.0</temp_c>
	<relative_humidity>65</relative_humidity>
	<wind_string>Northwest at 3.5 MPH (3 KT)</wind_string>
	<wind_dir>Northwest</wind_dir>
	<wind_degrees>310</wind_degrees>
	<wind_mph>3.5</wind_mph>
	<wind_kt>3</wind_kt>
	<pressure_in>30.30</pressure_in>
	<dewpoint_string>28.4 F (-2.0 C)</dewpoint_string>
	<dewpoint_f>28.4</dewpoint_f>
	<dewpoint_c>-2.0</dewpoint_c>
	<visibility_mi>10.00</visibility_mi>
 	<icon_url_base>http://weather.gov/weather/images/fcicons/</icon_url_base>
	<two_day_history_url>http://www.weather.gov/data/obhistory/KTNB.html</two_day_history_url>
	<icon_url_name>nskc.jpg</icon_url_name>
	<ob_url>http://www.nws.noaa.gov/data/METAR/KTNB.1.txt</ob_url>
	<disclaimer_url>http://weather.gov/disclaimer.html</disclaimer_url>
	<copyright_url>http://weather.gov/disclaimer.html</copyright_url>
	<privacy_policy_url>http://weather.gov/notice.html</privacy_policy_url>
</current_observation>
