<?xml version="1.0" encoding="ISO-8859-1"?> 
<?xml-stylesheet href="latest_ob.xsl" type="text/xsl"?>
<current_observation version="1.0"
	 xmlns:xsd="http://www.w3.org/2001/XMLSchema"
	 xmlns:xsi="http://www.w3.org/2001/XMLSchema-instance"
	 xsi:noNamespaceSchemaLocation="http://www.weather.gov/view/current_observation.xsd">
	<credit>NOAA's National Weather Service</credit>
	<credit_URL>http://weather.gov/</credit_URL>
	<image>
		<url>http://weather.gov/images/xml_logo.gif</url>
		<title>NOAA's National Weather Service</title>
		<link>http://weather.gov</link>
	</image>
	<suggested_pickup>15 minutes after the hour</suggested_pickup>
	<suggested_pickup_period>60</suggested_pickup_period>
	<location>Illinois Valley Rgnl-Walter A Duncan Field Airport, IL</location>
	<station_id>KVYS</station_id>
	<latitude>41.35</latitude>
	<longitude>-89.15</longitude>
	<observation_time>Last Updated on Nov 6 2009, 8:45 pm CST</observation_time>
        <observation_time_rfc822>Fri,  6 Nov 2009 20:45:00 -0600</observation_time_rfc822>
	<weather>Fair</weather>
	<temperature_string>56.0 F (13.3 C)</temperature_string>
	<temp_f>56.0</temp_f>
	<temp_c>13.3</temp_c>
	<relative_humidity>64</relative_humidity>
	<wind_string>South at 12.7 MPH (11 KT)</wind_string>
	<wind_dir>South</wind_dir>
	<wind_degrees>170</wind_degrees>
	<wind_mph>12.7</wind_mph>
	<wind_kt>11</wind_kt>
	<pressure_in>29.88</pressure_in>
	<dewpoint_string>43.7 F (6.5 C)</dewpoint_string>
	<dewpoint_f>43.7</dewpoint_f>
	<dewpoint_c>6.5</dewpoint_c>
	<windchill_string>53 F (12 C)</windchill_string>
      	<windchill_f>53</windchill_f>
      	<windchill_c>12</windchill_c>
	<visibility_mi>10.00</visibility_mi>
 	<icon_url_base>http://weather.gov/weather/images/fcicons/</icon_url_base>
	<two_day_history_url>http://www.weather.gov/data/obhistory/KVYS.html</two_day_history_url>
	<icon_url_name>nskc.jpg</icon_url_name>
	<ob_url>http://www.nws.noaa.gov/data/METAR/KVYS.1.txt</ob_url>
	<disclaimer_url>http://weather.gov/disclaimer.html</disclaimer_url>
	<copyright_url>http://weather.gov/disclaimer.html</copyright_url>
	<privacy_policy_url>http://weather.gov/notice.html</privacy_policy_url>
</current_observation>
