<?xml version="1.0" encoding="ISO-8859-1"?> 
<?xml-stylesheet href="latest_ob.xsl" type="text/xsl"?>
<current_observation version="1.0"
	 xmlns:xsd="http://www.w3.org/2001/XMLSchema"
	 xmlns:xsi="http://www.w3.org/2001/XMLSchema-instance"
	 xsi:noNamespaceSchemaLocation="http://www.weather.gov/view/current_observation.xsd">
	<credit>NOAA's National Weather Service</credit>
	<credit_URL>http://weather.gov/</credit_URL>
	<image>
		<url>http://weather.gov/images/xml_logo.gif</url>
		<title>NOAA's National Weather Service</title>
		<link>http://weather.gov</link>
	</image>
	<suggested_pickup>15 minutes after the hour</suggested_pickup>
	<suggested_pickup_period>60</suggested_pickup_period>
	<location>Media Luna, La Parguera, PR</location>
	<station_id>LPRP4</station_id>
	<latitude>17.939</latitude>
	<longitude>-67.052</longitude>
	<observation_time>Last Updated on Nov 7 2009, 1:00 am NST </observation_time>
        <observation_time_rfc822>Sat,  7 Nov 2009 01:00:00 +0000</observation_time_rfc822>
	<temperature_string>80.4 F (26.9 C)</temperature_string>
	<temp_f>80.4</temp_f>
	<temp_c>26.9</temp_c>
	<water_temp_f>85.5</water_temp_f>
	<water_temp_c>29.7</water_temp_c>
	<wind_string>from the North at 2.2 gusting to 6.9 MPH (1.94 gusting to 6.02 KT)</wind_string>
	<wind_dir>North</wind_dir>
	<wind_degrees>350</wind_degrees>
	<wind_mph>2.2</wind_mph>
	<wind_gust_mph>6.9</wind_gust_mph>
	<wind_kt>1.94</wind_kt>
	<wind_gust_kt>6.02</wind_gust_kt>
	<pressure_string>1012.7 mb</pressure_string>
	<pressure_mb>1012.7</pressure_mb>
	<pressure_tendency_mb>1.4</pressure_tendency_mb>
	<dewpoint_string>73.6 F (23.1 C)</dewpoint_string>
	<dewpoint_f>73.6</dewpoint_f>
	<dewpoint_c>23.1</dewpoint_c>
	<mean_wave_dir>East</mean_wave_dir>
	<mean_wave_degrees></mean_wave_degrees>
	<disclaimer_url>http://weather.gov/disclaimer.html</disclaimer_url>
	<copyright_url>http://weather.gov/disclaimer.html</copyright_url>
	<privacy_policy_url>http://weather.gov/notice.html</privacy_policy_url>
</current_observation>
