<?xml version="1.0" encoding="ISO-8859-1"?> 
<?xml-stylesheet href="latest_ob.xsl" type="text/xsl"?>
<current_observation version="1.0"
	 xmlns:xsd="http://www.w3.org/2001/XMLSchema"
	 xmlns:xsi="http://www.w3.org/2001/XMLSchema-instance"
	 xsi:noNamespaceSchemaLocation="http://www.weather.gov/view/current_observation.xsd">
	<credit>NOAA's National Weather Service</credit>
	<credit_URL>http://weather.gov/</credit_URL>
	<image>
		<url>http://weather.gov/images/xml_logo.gif</url>
		<title>NOAA's National Weather Service</title>
		<link>http://weather.gov</link>
	</image>
	<suggested_pickup>15 minutes after the hour</suggested_pickup>
	<suggested_pickup_period>60</suggested_pickup_period>
	<location>9751401 - Lime Tree Bay, VI</location>
	<station_id>LTBV3</station_id>
	<latitude>17.697</latitude>
	<longitude>-64.753</longitude>
	<observation_time>Last Updated on Nov 7 2009, 2:06 am NST </observation_time>
        <observation_time_rfc822>Sat,  7 Nov 2009 02:06:00 +0000</observation_time_rfc822>
	<temperature_string>81.9 F (27.7 C)</temperature_string>
	<temp_f>81.9</temp_f>
	<temp_c>27.7</temp_c>
	<water_temp_f>83.1</water_temp_f>
	<water_temp_c>28.4</water_temp_c>
	<wind_string>from the Northeast at 5.8 gusting to 9.2 MPH (5.05 gusting to 7.96 KT)</wind_string>
	<wind_dir>Northeast</wind_dir>
	<wind_degrees>60</wind_degrees>
	<wind_mph>5.8</wind_mph>
	<wind_gust_mph>9.2</wind_gust_mph>
	<wind_kt>5.05</wind_kt>
	<wind_gust_kt>7.96</wind_gust_kt>
	<pressure_string>1014.4 mb</pressure_string>
	<pressure_mb>1014.4</pressure_mb>
	<mean_wave_dir>East</mean_wave_dir>
	<mean_wave_degrees></mean_wave_degrees>
	<disclaimer_url>http://weather.gov/disclaimer.html</disclaimer_url>
	<copyright_url>http://weather.gov/disclaimer.html</copyright_url>
	<privacy_policy_url>http://weather.gov/notice.html</privacy_policy_url>
</current_observation>
