<?xml version="1.0" encoding="ISO-8859-1"?> 
<?xml-stylesheet href="latest_ob.xsl" type="text/xsl"?>
<current_observation version="1.0"
	 xmlns:xsd="http://www.w3.org/2001/XMLSchema"
	 xmlns:xsi="http://www.w3.org/2001/XMLSchema-instance"
	 xsi:noNamespaceSchemaLocation="http://www.weather.gov/view/current_observation.xsd">
	<credit>NOAA's National Weather Service</credit>
	<credit_URL>http://weather.gov/</credit_URL>
	<image>
		<url>http://weather.gov/images/xml_logo.gif</url>
		<title>NOAA's National Weather Service</title>
		<link>http://weather.gov</link>
	</image>
	<suggested_pickup>15 minutes after the hour</suggested_pickup>
	<suggested_pickup_period>60</suggested_pickup_period>
	<location>9087088 - Menominee, MI</location>
	<station_id>MNMM4</station_id>
	<latitude>45.096</latitude>
	<longitude>-87.59</longitude>
	<observation_time>Last Updated on Nov 6 2009, 8:06 pm CST</observation_time>
        <observation_time_rfc822>Fri,  6 Nov 2009 20:06:00 -0600</observation_time_rfc822>
	<temperature_string>50.5 F (10.3 C)</temperature_string>
	<temp_f>50.5</temp_f>
	<temp_c>10.3</temp_c>
	<wind_string>from the South at 18.3 gusting to 26.4 MPH (15.93 gusting to 22.93 KT)</wind_string>
	<wind_dir>South</wind_dir>
	<wind_degrees>190</wind_degrees>
	<wind_mph>18.3</wind_mph>
	<wind_gust_mph>26.4</wind_gust_mph>
	<wind_kt>15.93</wind_kt>
	<wind_gust_kt>22.93</wind_gust_kt>
	<pressure_string>1008.0 mb</pressure_string>
	<pressure_mb>1008.0</pressure_mb>
	<windchill_string>45 F (7 C)</windchill_string>
      	<windchill_f>45</windchill_f>
      	<windchill_c>7</windchill_c>
	<mean_wave_dir>East</mean_wave_dir>
	<mean_wave_degrees></mean_wave_degrees>
	<disclaimer_url>http://weather.gov/disclaimer.html</disclaimer_url>
	<copyright_url>http://weather.gov/disclaimer.html</copyright_url>
	<privacy_policy_url>http://weather.gov/notice.html</privacy_policy_url>
</current_observation>
