<?xml version="1.0" encoding="ISO-8859-1"?> 
<?xml-stylesheet href="latest_ob.xsl" type="text/xsl"?>
<current_observation version="1.0"
	 xmlns:xsd="http://www.w3.org/2001/XMLSchema"
	 xmlns:xsi="http://www.w3.org/2001/XMLSchema-instance"
	 xsi:noNamespaceSchemaLocation="http://www.weather.gov/view/current_observation.xsd">
	<credit>NOAA's National Weather Service</credit>
	<credit_URL>http://weather.gov/</credit_URL>
	<image>
		<url>http://weather.gov/images/xml_logo.gif</url>
		<title>NOAA's National Weather Service</title>
		<link>http://weather.gov</link>
	</image>
	<suggested_pickup>15 minutes after the hour</suggested_pickup>
	<suggested_pickup_period>60</suggested_pickup_period>
	<location>8639348 - Money Point, VA</location>
	<station_id>MNPV2</station_id>
	<latitude>36.778</latitude>
	<longitude>-76.302</longitude>
	<observation_time>Last Updated on Nov 6 2009, 9:06 pm EST</observation_time>
        <observation_time_rfc822>Fri,  6 Nov 2009 21:06:00 -0500</observation_time_rfc822>
	<temperature_string>46.0 F (7.8 C)</temperature_string>
	<temp_f>46.0</temp_f>
	<temp_c>7.8</temp_c>
	<water_temp_f>64.0</water_temp_f>
	<water_temp_c>17.8</water_temp_c>
	<wind_string>from the South at 2.2 gusting to 3.3 MPH (1.94 gusting to 2.91 KT)</wind_string>
	<wind_dir>South</wind_dir>
	<wind_degrees>180</wind_degrees>
	<wind_mph>2.2</wind_mph>
	<wind_gust_mph>3.3</wind_gust_mph>
	<wind_kt>1.94</wind_kt>
	<wind_gust_kt>2.91</wind_gust_kt>
	<mean_wave_dir>East</mean_wave_dir>
	<mean_wave_degrees></mean_wave_degrees>
	<disclaimer_url>http://weather.gov/disclaimer.html</disclaimer_url>
	<copyright_url>http://weather.gov/disclaimer.html</copyright_url>
	<privacy_policy_url>http://weather.gov/notice.html</privacy_policy_url>
</current_observation>
