<?xml version="1.0" encoding="ISO-8859-1"?> 
<?xml-stylesheet href="latest_ob.xsl" type="text/xsl"?>
<current_observation version="1.0"
	 xmlns:xsd="http://www.w3.org/2001/XMLSchema"
	 xmlns:xsi="http://www.w3.org/2001/XMLSchema-instance"
	 xsi:noNamespaceSchemaLocation="http://www.weather.gov/view/current_observation.xsd">
	<credit>NOAA's National Weather Service</credit>
	<credit_URL>http://weather.gov/</credit_URL>
	<image>
		<url>http://weather.gov/images/xml_logo.gif</url>
		<title>NOAA's National Weather Service</title>
		<link>http://weather.gov</link>
	</image>
	<suggested_pickup>15 minutes after the hour</suggested_pickup>
	<suggested_pickup_period>60</suggested_pickup_period>
	<location>Unknown Station</location>
	<station_id>MRPV</station_id>
	<observation_time>Last Updated on Nov 6 2009, 5:00 pm CST</observation_time>
        <observation_time_rfc822>Fri,  6 Nov 2009 17:00:00 -0600</observation_time_rfc822>
	<weather>Fog/Mist Fog/Mist</weather>
	<temperature_string>68.0 F (20.0 C)</temperature_string>
	<temp_f>68.0</temp_f>
	<temp_c>20.0</temp_c>
	<relative_humidity>94</relative_humidity>
	<wind_string>West at 9.2 MPH (8 KT)</wind_string>
	<wind_dir>West</wind_dir>
	<wind_degrees>280</wind_degrees>
	<wind_mph>9.2</wind_mph>
	<wind_kt>8</wind_kt>
	<pressure_in>29.95</pressure_in>
	<dewpoint_string>66.2 F (19.0 C)</dewpoint_string>
	<dewpoint_f>66.2</dewpoint_f>
	<dewpoint_c>19.0</dewpoint_c>
	<two_day_history_url>http://www.weather.gov/data/obhistory/MRPV.html</two_day_history_url>
	<ob_url>http://www.nws.noaa.gov/data/METAR/MRPV.1.txt</ob_url>
	<disclaimer_url>http://weather.gov/disclaimer.html</disclaimer_url>
	<copyright_url>http://weather.gov/disclaimer.html</copyright_url>
	<privacy_policy_url>http://weather.gov/notice.html</privacy_policy_url>
</current_observation>
