<?xml version="1.0" encoding="ISO-8859-1"?> 
<?xml-stylesheet href="latest_ob.xsl" type="text/xsl"?>
<current_observation version="1.0"
	 xmlns:xsd="http://www.w3.org/2001/XMLSchema"
	 xmlns:xsi="http://www.w3.org/2001/XMLSchema-instance"
	 xsi:noNamespaceSchemaLocation="http://www.weather.gov/view/current_observation.xsd">
	<credit>NOAA's National Weather Service</credit>
	<credit_URL>http://weather.gov/</credit_URL>
	<image>
		<url>http://weather.gov/images/xml_logo.gif</url>
		<title>NOAA's National Weather Service</title>
		<link>http://weather.gov</link>
	</image>
	<suggested_pickup>15 minutes after the hour</suggested_pickup>
	<suggested_pickup_period>60</suggested_pickup_period>
	<location>North Carolina Reserve, NC</location>
	<station_id>NOXN7</station_id>
	<latitude>34.156</latitude>
	<longitude>-77.851</longitude>
	<observation_time>Last Updated on Nov 6 2009, 7:00 pm EST</observation_time>
        <observation_time_rfc822>Fri,  6 Nov 2009 19:00:00 -0500</observation_time_rfc822>
	<temperature_string>48.7 F (9.3 C)</temperature_string>
	<temp_f>48.7</temp_f>
	<temp_c>9.3</temp_c>
	<wind_string>North at 2.2 MPH (1.94 KT)</wind_string>
	<wind_dir>North</wind_dir>
	<wind_degrees>340</wind_degrees>
	<wind_mph>2.2</wind_mph>
	<wind_kt>1.94</wind_kt>
	<pressure_string>1026.0 mb</pressure_string>
	<pressure_mb>1026.0</pressure_mb>
	<pressure_tendency_mb>1.0</pressure_tendency_mb>
	<dewpoint_string>38.3 F (3.5 C)</dewpoint_string>
	<dewpoint_f>38.3</dewpoint_f>
	<dewpoint_c>3.5</dewpoint_c>
	<mean_wave_dir>East</mean_wave_dir>
	<mean_wave_degrees></mean_wave_degrees>
	<disclaimer_url>http://weather.gov/disclaimer.html</disclaimer_url>
	<copyright_url>http://weather.gov/disclaimer.html</copyright_url>
	<privacy_policy_url>http://weather.gov/notice.html</privacy_policy_url>
</current_observation>
