<?xml version="1.0" encoding="ISO-8859-1"?> 
<?xml-stylesheet href="latest_ob.xsl" type="text/xsl"?>
<current_observation version="1.0"
	 xmlns:xsd="http://www.w3.org/2001/XMLSchema"
	 xmlns:xsi="http://www.w3.org/2001/XMLSchema-instance"
	 xsi:noNamespaceSchemaLocation="http://www.weather.gov/view/current_observation.xsd">
	<credit>NOAA's National Weather Service</credit>
	<credit_URL>http://weather.gov/</credit_URL>
	<image>
		<url>http://weather.gov/images/xml_logo.gif</url>
		<title>NOAA's National Weather Service</title>
		<link>http://weather.gov</link>
	</image>
	<suggested_pickup>15 minutes after the hour</suggested_pickup>
	<suggested_pickup_period>60</suggested_pickup_period>
	<location>La Tontouta Nlle-Caledonia, NL</location>
	<station_id>NWWW</station_id>
	<latitude>-22.017</latitude>
	<longitude>166.217</longitude>
	<observation_time>Last Updated on Nov 7 2009, 12:30 pm LST</observation_time>
        <observation_time_rfc822>Sat,  7 Nov 2009 12:30:00 +1000</observation_time_rfc822>
	<temperature_string>82.0 F (28.0 C)</temperature_string>
	<temp_f>82.0</temp_f>
	<temp_c>28.0</temp_c>
	<relative_humidity>51</relative_humidity>
	<wind_string>Southeast at 13.8 MPH (12 KT)</wind_string>
	<wind_dir>Southeast</wind_dir>
	<wind_degrees>130</wind_degrees>
	<wind_mph>13.8</wind_mph>
	<wind_kt>12</wind_kt>
	<dewpoint_string>62.6 F (17.0 C)</dewpoint_string>
	<dewpoint_f>62.6</dewpoint_f>
	<dewpoint_c>17.0</dewpoint_c>
	<heat_index_string>83 F (28 C)</heat_index_string>
      	<heat_index_f>83</heat_index_f>
      	<heat_index_c>28</heat_index_c>
	<two_day_history_url>http://www.weather.gov/data/obhistory/NWWW.html</two_day_history_url>
	<ob_url>http://www.nws.noaa.gov/data/METAR/NWWW.1.txt</ob_url>
	<disclaimer_url>http://weather.gov/disclaimer.html</disclaimer_url>
	<copyright_url>http://weather.gov/disclaimer.html</copyright_url>
	<privacy_policy_url>http://weather.gov/notice.html</privacy_policy_url>
</current_observation>
