<?xml version="1.0" encoding="ISO-8859-1"?> 
<?xml-stylesheet href="latest_ob.xsl" type="text/xsl"?>
<current_observation version="1.0"
	 xmlns:xsd="http://www.w3.org/2001/XMLSchema"
	 xmlns:xsi="http://www.w3.org/2001/XMLSchema-instance"
	 xsi:noNamespaceSchemaLocation="http://www.weather.gov/view/current_observation.xsd">
	<credit>NOAA's National Weather Service</credit>
	<credit_URL>http://weather.gov/</credit_URL>
	<image>
		<url>http://weather.gov/images/xml_logo.gif</url>
		<title>NOAA's National Weather Service</title>
		<link>http://weather.gov</link>
	</image>
	<suggested_pickup>15 minutes after the hour</suggested_pickup>
	<suggested_pickup_period>60</suggested_pickup_period>
	<location>Angoon Seaplane Base, AK</location>
	<station_id>PAGN</station_id>
	<latitude>57.5036</latitude>
	<longitude>-134.585</longitude>
	<observation_time>Last Updated on Nov 6 2009, 5:56 pm AKST</observation_time>
        <observation_time_rfc822>Fri,  6 Nov 2009 17:56:00 -0900</observation_time_rfc822>
	<weather>Mostly Cloudy</weather>
	<temperature_string>43.0 F (6.1 C)</temperature_string>
	<temp_f>43.0</temp_f>
	<temp_c>6.1</temp_c>
	<relative_humidity>79</relative_humidity>
	<wind_string>Southeast at 15.0 MPH (13 KT)</wind_string>
	<wind_dir>Southeast</wind_dir>
	<wind_degrees>120</wind_degrees>
	<wind_mph>15.0</wind_mph>
	<wind_kt>13</wind_kt>
	<pressure_string>979.3 mb</pressure_string>
	<pressure_mb>979.3</pressure_mb>
	<pressure_in>28.91</pressure_in>
	<dewpoint_string>36.9 F (2.7 C)</dewpoint_string>
	<dewpoint_f>36.9</dewpoint_f>
	<dewpoint_c>2.7</dewpoint_c>
	<windchill_string>36 F (2 C)</windchill_string>
      	<windchill_f>36</windchill_f>
      	<windchill_c>2</windchill_c>
	<visibility_mi>10.00</visibility_mi>
 	<icon_url_base>http://weather.gov/weather/images/fcicons/</icon_url_base>
	<two_day_history_url>http://www.weather.gov/data/obhistory/PAGN.html</two_day_history_url>
	<icon_url_name>bkn.jpg</icon_url_name>
	<ob_url>http://www.nws.noaa.gov/data/METAR/PAGN.1.txt</ob_url>
	<disclaimer_url>http://weather.gov/disclaimer.html</disclaimer_url>
	<copyright_url>http://weather.gov/disclaimer.html</copyright_url>
	<privacy_policy_url>http://weather.gov/notice.html</privacy_policy_url>
</current_observation>
