<?xml version="1.0" encoding="ISO-8859-1"?> 
<?xml-stylesheet href="latest_ob.xsl" type="text/xsl"?>
<current_observation version="1.0"
	 xmlns:xsd="http://www.w3.org/2001/XMLSchema"
	 xmlns:xsi="http://www.w3.org/2001/XMLSchema-instance"
	 xsi:noNamespaceSchemaLocation="http://www.weather.gov/view/current_observation.xsd">
	<credit>NOAA's National Weather Service</credit>
	<credit_URL>http://weather.gov/</credit_URL>
	<image>
		<url>http://weather.gov/images/xml_logo.gif</url>
		<title>NOAA's National Weather Service</title>
		<link>http://weather.gov</link>
	</image>
	<suggested_pickup>15 minutes after the hour</suggested_pickup>
	<suggested_pickup_period>60</suggested_pickup_period>
	<location>Chandalar Lake, AK</location>
	<station_id>PALR</station_id>
	<latitude>67.5</latitude>
	<longitude>-148.49</longitude>
	<observation_time>Last Updated on Nov 6 2009, 3:50 pm AKST</observation_time>
        <observation_time_rfc822>Fri,  6 Nov 2009 15:50:00 -0900</observation_time_rfc822>
	<weather>A Few Clouds</weather>
	<temperature_string>-6.0 F (-21.0 C)</temperature_string>
	<temp_f>-6.0</temp_f>
	<temp_c>-21.0</temp_c>
	<relative_humidity>84</relative_humidity>
	<wind_string>Northeast at 3.5 MPH (3 KT)</wind_string>
	<wind_dir>Northeast</wind_dir>
	<wind_degrees>50</wind_degrees>
	<wind_mph>3.5</wind_mph>
	<wind_kt>3</wind_kt>
	<pressure_in>29.22</pressure_in>
	<dewpoint_string>-9.4 F (-23.0 C)</dewpoint_string>
	<dewpoint_f>-9.4</dewpoint_f>
	<dewpoint_c>-23.0</dewpoint_c>
	<visibility_mi>10.00</visibility_mi>
 	<icon_url_base>http://weather.gov/weather/images/fcicons/</icon_url_base>
	<two_day_history_url>http://www.weather.gov/data/obhistory/PALR.html</two_day_history_url>
	<icon_url_name>few.jpg</icon_url_name>
	<ob_url>http://www.nws.noaa.gov/data/METAR/PALR.1.txt</ob_url>
	<disclaimer_url>http://weather.gov/disclaimer.html</disclaimer_url>
	<copyright_url>http://weather.gov/disclaimer.html</copyright_url>
	<privacy_policy_url>http://weather.gov/notice.html</privacy_policy_url>
</current_observation>
