<?xml version="1.0" encoding="ISO-8859-1"?> 
<?xml-stylesheet href="latest_ob.xsl" type="text/xsl"?>
<current_observation version="1.0"
	 xmlns:xsd="http://www.w3.org/2001/XMLSchema"
	 xmlns:xsi="http://www.w3.org/2001/XMLSchema-instance"
	 xsi:noNamespaceSchemaLocation="http://www.weather.gov/view/current_observation.xsd">
	<credit>NOAA's National Weather Service</credit>
	<credit_URL>http://weather.gov/</credit_URL>
	<image>
		<url>http://weather.gov/images/xml_logo.gif</url>
		<title>NOAA's National Weather Service</title>
		<link>http://weather.gov</link>
	</image>
	<suggested_pickup>15 minutes after the hour</suggested_pickup>
	<suggested_pickup_period>60</suggested_pickup_period>
	<location>Mekoryuk, AK</location>
	<station_id>PAMY</station_id>
	<latitude>60.37</latitude>
	<longitude>-166.27</longitude>
	<observation_time>Last Updated on Nov 6 2009, 5:56 pm AKST</observation_time>
        <observation_time_rfc822>Fri,  6 Nov 2009 17:56:00 -0900</observation_time_rfc822>
	<weather>Overcast and Breezy</weather>
	<temperature_string>30.0 F (-1.0 C)</temperature_string>
	<temp_f>30.0</temp_f>
	<temp_c>-1.0</temp_c>
	<relative_humidity>75</relative_humidity>
	<wind_string>from the Northwest at 25.3 gusting to 28.8 MPH (22 gusting to 25 KT)</wind_string>
	<wind_dir>Northwest</wind_dir>
	<wind_degrees>320</wind_degrees>
	<wind_mph>25.3</wind_mph>
	<wind_gust_mph>28.8</wind_gust_mph>
	<wind_kt>22</wind_kt>
	<wind_gust_kt>25</wind_gust_kt>
	<pressure_in>29.37</pressure_in>
	<dewpoint_string>23.0 F (-5.0 C)</dewpoint_string>
	<dewpoint_f>23.0</dewpoint_f>
	<dewpoint_c>-5.0</dewpoint_c>
	<windchill_string>16 F (-9 C)</windchill_string>
      	<windchill_f>16</windchill_f>
      	<windchill_c>-9</windchill_c>
	<visibility_mi>10.00</visibility_mi>
 	<icon_url_base>http://weather.gov/weather/images/fcicons/</icon_url_base>
	<two_day_history_url>http://www.weather.gov/data/obhistory/PAMY.html</two_day_history_url>
	<icon_url_name>ovc.jpg</icon_url_name>
	<ob_url>http://www.nws.noaa.gov/data/METAR/PAMY.1.txt</ob_url>
	<disclaimer_url>http://weather.gov/disclaimer.html</disclaimer_url>
	<copyright_url>http://weather.gov/disclaimer.html</copyright_url>
	<privacy_policy_url>http://weather.gov/notice.html</privacy_policy_url>
</current_observation>
