<?xml version="1.0" encoding="ISO-8859-1"?> 
<?xml-stylesheet href="latest_ob.xsl" type="text/xsl"?>
<current_observation version="1.0"
	 xmlns:xsd="http://www.w3.org/2001/XMLSchema"
	 xmlns:xsi="http://www.w3.org/2001/XMLSchema-instance"
	 xsi:noNamespaceSchemaLocation="http://www.weather.gov/view/current_observation.xsd">
	<credit>NOAA's National Weather Service</credit>
	<credit_URL>http://weather.gov/</credit_URL>
	<image>
		<url>http://weather.gov/images/xml_logo.gif</url>
		<title>NOAA's National Weather Service</title>
		<link>http://weather.gov</link>
	</image>
	<suggested_pickup>15 minutes after the hour</suggested_pickup>
	<suggested_pickup_period>60</suggested_pickup_period>
	<location>Nelson Lagoon Airport, AK</location>
	<station_id>PAOU</station_id>
	<latitude>56.0075</latitude>
	<longitude>-161.16</longitude>
	<observation_time>Last Updated on Nov 6 2009, 11:56 am AKST</observation_time>
        <observation_time_rfc822>Fri,  6 Nov 2009 11:56:00 -0900</observation_time_rfc822>
	<weather>Fog/Mist and Windy</weather>
	<temperature_string>36.0 F (2.2 C)</temperature_string>
	<temp_f>36.0</temp_f>
	<temp_c>2.2</temp_c>
	<relative_humidity>86</relative_humidity>
	<wind_string>from the Northwest at 34.5 gusting to 40.3 MPH (30 gusting to 35 KT)</wind_string>
	<wind_dir>Northwest</wind_dir>
	<wind_degrees>310</wind_degrees>
	<wind_mph>34.5</wind_mph>
	<wind_gust_mph>40.3</wind_gust_mph>
	<wind_kt>30</wind_kt>
	<wind_gust_kt>35</wind_gust_kt>
	<pressure_string>992.5 mb</pressure_string>
	<pressure_mb>992.5</pressure_mb>
	<pressure_in>29.30</pressure_in>
	<dewpoint_string>32.0 F (0.0 C)</dewpoint_string>
	<dewpoint_f>32.0</dewpoint_f>
	<dewpoint_c>0.0</dewpoint_c>
	<windchill_string>22 F (-6 C)</windchill_string>
      	<windchill_f>22</windchill_f>
      	<windchill_c>-6</windchill_c>
	<visibility_mi>1.25</visibility_mi>
	<two_day_history_url>http://www.weather.gov/data/obhistory/PAOU.html</two_day_history_url>
	<ob_url>http://www.nws.noaa.gov/data/METAR/PAOU.1.txt</ob_url>
	<disclaimer_url>http://weather.gov/disclaimer.html</disclaimer_url>
	<copyright_url>http://weather.gov/disclaimer.html</copyright_url>
	<privacy_policy_url>http://weather.gov/notice.html</privacy_policy_url>
</current_observation>
