<?xml version="1.0" encoding="ISO-8859-1"?> 
<?xml-stylesheet href="latest_ob.xsl" type="text/xsl"?>
<current_observation version="1.0"
	 xmlns:xsd="http://www.w3.org/2001/XMLSchema"
	 xmlns:xsi="http://www.w3.org/2001/XMLSchema-instance"
	 xsi:noNamespaceSchemaLocation="http://www.weather.gov/view/current_observation.xsd">
	<credit>NOAA's National Weather Service</credit>
	<credit_URL>http://weather.gov/</credit_URL>
	<image>
		<url>http://weather.gov/images/xml_logo.gif</url>
		<title>NOAA's National Weather Service</title>
		<link>http://weather.gov</link>
	</image>
	<suggested_pickup>15 minutes after the hour</suggested_pickup>
	<suggested_pickup_period>60</suggested_pickup_period>
	<location>Tin City Airways Facilities Sector, AK</location>
	<station_id>PATC</station_id>
	<latitude>65.57</latitude>
	<longitude>-167.92</longitude>
	<observation_time>Last Updated on Nov 6 2009, 5:55 pm AKST</observation_time>
        <observation_time_rfc822>Fri,  6 Nov 2009 17:55:00 -0900</observation_time_rfc822>
	<weather>Overcast</weather>
 	<icon_url_base>http://weather.gov/weather/images/fcicons/</icon_url_base>
	<two_day_history_url>http://www.weather.gov/data/obhistory/PATC.html</two_day_history_url>
	<icon_url_name>ovc.jpg</icon_url_name>
	<ob_url>http://www.nws.noaa.gov/data/METAR/PATC.1.txt</ob_url>
	<disclaimer_url>http://weather.gov/disclaimer.html</disclaimer_url>
	<copyright_url>http://weather.gov/disclaimer.html</copyright_url>
	<privacy_policy_url>http://weather.gov/notice.html</privacy_policy_url>
</current_observation>
