<?xml version="1.0" encoding="ISO-8859-1"?> 
<?xml-stylesheet href="latest_ob.xsl" type="text/xsl"?>
<current_observation version="1.0"
	 xmlns:xsd="http://www.w3.org/2001/XMLSchema"
	 xmlns:xsi="http://www.w3.org/2001/XMLSchema-instance"
	 xsi:noNamespaceSchemaLocation="http://www.weather.gov/view/current_observation.xsd">
	<credit>NOAA's National Weather Service</credit>
	<credit_URL>http://weather.gov/</credit_URL>
	<image>
		<url>http://weather.gov/images/xml_logo.gif</url>
		<title>NOAA's National Weather Service</title>
		<link>http://weather.gov</link>
	</image>
	<suggested_pickup>15 minutes after the hour</suggested_pickup>
	<suggested_pickup_period>60</suggested_pickup_period>
	<location>PAS -Port Richey, FL</location>
	<station_id>PTRF1</station_id>
	<latitude>28.285</latitude>
	<longitude>-82.733</longitude>
	<observation_time>Last Updated on Nov 6 2009, 8:54 pm EST</observation_time>
        <observation_time_rfc822>Fri,  6 Nov 2009 20:54:00 -0500</observation_time_rfc822>
	<temperature_string>67.5 F (19.7 C)</temperature_string>
	<temp_f>67.5</temp_f>
	<temp_c>19.7</temp_c>
	<water_temp_f>73.6</water_temp_f>
	<water_temp_c>23.1</water_temp_c>
	<wind_string>from the Northeast at 4.7 gusting to 6.9 MPH (4.08 gusting to 6.02 KT)</wind_string>
	<wind_dir>Northeast</wind_dir>
	<wind_degrees>50</wind_degrees>
	<wind_mph>4.7</wind_mph>
	<wind_gust_mph>6.9</wind_gust_mph>
	<wind_kt>4.08</wind_kt>
	<wind_gust_kt>6.02</wind_gust_kt>
	<pressure_string>1022.6 mb</pressure_string>
	<pressure_mb>1022.6</pressure_mb>
	<mean_wave_dir>East</mean_wave_dir>
	<mean_wave_degrees></mean_wave_degrees>
	<tide_ft>1.35</tide_ft>
	<disclaimer_url>http://weather.gov/disclaimer.html</disclaimer_url>
	<copyright_url>http://weather.gov/disclaimer.html</copyright_url>
	<privacy_policy_url>http://weather.gov/notice.html</privacy_policy_url>
</current_observation>
