<?xml version="1.0" encoding="ISO-8859-1"?> 
<?xml-stylesheet href="latest_ob.xsl" type="text/xsl"?>
<current_observation version="1.0"
	 xmlns:xsd="http://www.w3.org/2001/XMLSchema"
	 xmlns:xsi="http://www.w3.org/2001/XMLSchema-instance"
	 xsi:noNamespaceSchemaLocation="http://www.weather.gov/view/current_observation.xsd">
	<credit>NOAA's National Weather Service</credit>
	<credit_URL>http://weather.gov/</credit_URL>
	<image>
		<url>http://weather.gov/images/xml_logo.gif</url>
		<title>NOAA's National Weather Service</title>
		<link>http://weather.gov</link>
	</image>
	<suggested_pickup>15 minutes after the hour</suggested_pickup>
	<suggested_pickup_period>60</suggested_pickup_period>
	<location>St. Augustine, FL</location>
	<station_id>SAUF1</station_id>
	<latitude>29.857</latitude>
	<longitude>-81.265</longitude>
	<observation_time>Last Updated on Nov 6 2009, 8:00 pm EST</observation_time>
        <observation_time_rfc822>Fri,  6 Nov 2009 20:00:00 -0500</observation_time_rfc822>
	<temperature_string>71.4 F (21.9 C)</temperature_string>
	<temp_f>71.4</temp_f>
	<temp_c>21.9</temp_c>
	<water_temp_f>71.6</water_temp_f>
	<water_temp_c>22.0</water_temp_c>
	<wind_string>from the East at 17.2 gusting to 21.9 MPH (14.96 gusting to 19.04 KT)</wind_string>
	<wind_dir>East</wind_dir>
	<wind_degrees>70</wind_degrees>
	<wind_mph>17.2</wind_mph>
	<wind_gust_mph>21.9</wind_gust_mph>
	<wind_kt>14.96</wind_kt>
	<wind_gust_kt>19.04</wind_gust_kt>
	<pressure_string>1024.1 mb</pressure_string>
	<pressure_mb>1024.1</pressure_mb>
	<pressure_tendency_mb>1.1</pressure_tendency_mb>
	<dewpoint_string>51.3 F (10.7 C)</dewpoint_string>
	<dewpoint_f>51.3</dewpoint_f>
	<dewpoint_c>10.7</dewpoint_c>
	<mean_wave_dir>East</mean_wave_dir>
	<mean_wave_degrees></mean_wave_degrees>
	<disclaimer_url>http://weather.gov/disclaimer.html</disclaimer_url>
	<copyright_url>http://weather.gov/disclaimer.html</copyright_url>
	<privacy_policy_url>http://weather.gov/notice.html</privacy_policy_url>
</current_observation>
