<?xml version="1.0" encoding="ISO-8859-1"?> 
<?xml-stylesheet href="latest_ob.xsl" type="text/xsl"?>
<current_observation version="1.0"
	 xmlns:xsd="http://www.w3.org/2001/XMLSchema"
	 xmlns:xsi="http://www.w3.org/2001/XMLSchema-instance"
	 xsi:noNamespaceSchemaLocation="http://www.weather.gov/view/current_observation.xsd">
	<credit>NOAA's National Weather Service</credit>
	<credit_URL>http://weather.gov/</credit_URL>
	<image>
		<url>http://weather.gov/images/xml_logo.gif</url>
		<title>NOAA's National Weather Service</title>
		<link>http://weather.gov</link>
	</image>
	<suggested_pickup>15 minutes after the hour</suggested_pickup>
	<suggested_pickup_period>60</suggested_pickup_period>
	<location>San Francisco Bay Reserve, CA</location>
	<station_id>SFXC1</station_id>
	<latitude>38.223</latitude>
	<longitude>-122.026</longitude>
	<observation_time>Last Updated on Nov 6 2009, 4:00 pm PST</observation_time>
        <observation_time_rfc822>Fri,  6 Nov 2009 16:00:00 -0800</observation_time_rfc822>
	<temperature_string>59.5 F (15.3 C)</temperature_string>
	<temp_f>59.5</temp_f>
	<temp_c>15.3</temp_c>
	<wind_string>Southwest at 4.7 MPH (4.08 KT)</wind_string>
	<wind_dir>Southwest</wind_dir>
	<wind_degrees>230</wind_degrees>
	<wind_mph>4.7</wind_mph>
	<wind_kt>4.08</wind_kt>
	<pressure_string>1017.0 mb</pressure_string>
	<pressure_mb>1017.0</pressure_mb>
	<pressure_tendency_mb>-1.0</pressure_tendency_mb>
	<dewpoint_string>57.2 F (14.0 C)</dewpoint_string>
	<dewpoint_f>57.2</dewpoint_f>
	<dewpoint_c>14.0</dewpoint_c>
	<windchill_string>60 F (16 C)</windchill_string>
      	<windchill_f>60</windchill_f>
      	<windchill_c>16</windchill_c>
	<mean_wave_dir>East</mean_wave_dir>
	<mean_wave_degrees></mean_wave_degrees>
	<disclaimer_url>http://weather.gov/disclaimer.html</disclaimer_url>
	<copyright_url>http://weather.gov/disclaimer.html</copyright_url>
	<privacy_policy_url>http://weather.gov/notice.html</privacy_policy_url>
</current_observation>
