<?xml version="1.0" encoding="ISO-8859-1"?> 
<?xml-stylesheet href="latest_ob.xsl" type="text/xsl"?>
<current_observation version="1.0"
	 xmlns:xsd="http://www.w3.org/2001/XMLSchema"
	 xmlns:xsi="http://www.w3.org/2001/XMLSchema-instance"
	 xsi:noNamespaceSchemaLocation="http://www.weather.gov/view/current_observation.xsd">
	<credit>NOAA's National Weather Service</credit>
	<credit_URL>http://weather.gov/</credit_URL>
	<image>
		<url>http://weather.gov/images/xml_logo.gif</url>
		<title>NOAA's National Weather Service</title>
		<link>http://weather.gov</link>
	</image>
	<suggested_pickup>15 minutes after the hour</suggested_pickup>
	<suggested_pickup_period>60</suggested_pickup_period>
	<location>Unknown Station</location>
	<station_id>SH095</station_id>
	<observation_time>Last Updated on Nov 6 2009, 9:00 pm EST</observation_time>
        <observation_time_rfc822>Fri,  6 Nov 2009 21:00:00 -0500</observation_time_rfc822>
	<temperature_string>81.9 F (27.7 C)</temperature_string>
	<temp_f>81.9</temp_f>
	<temp_c>27.7</temp_c>
	<water_temp_f>81.9</water_temp_f>
	<water_temp_c>27.7</water_temp_c>
	<wind_string>Southwest at 15.7 MPH (13.6 KT)</wind_string>
	<wind_dir>Southwest</wind_dir>
	<wind_degrees>240</wind_degrees>
	<wind_mph>15.7</wind_mph>
	<wind_kt>13.6</wind_kt>
	<pressure_string>1027.0 mb</pressure_string>
	<pressure_mb>1027.0</pressure_mb>
	<pressure_tendency_mb>0.0</pressure_tendency_mb>
	<dewpoint_string>72.7 F (22.6 C)</dewpoint_string>
	<dewpoint_f>72.7</dewpoint_f>
	<dewpoint_c>22.6</dewpoint_c>
	<visibility_mi>11.00</visibility_mi>
	<mean_wave_dir>East</mean_wave_dir>
	<mean_wave_degrees></mean_wave_degrees>
	<disclaimer_url>http://weather.gov/disclaimer.html</disclaimer_url>
	<copyright_url>http://weather.gov/disclaimer.html</copyright_url>
	<privacy_policy_url>http://weather.gov/notice.html</privacy_policy_url>
</current_observation>
