<?xml version="1.0" encoding="ISO-8859-1"?> 
<?xml-stylesheet href="latest_ob.xsl" type="text/xsl"?>
<current_observation version="1.0"
	 xmlns:xsd="http://www.w3.org/2001/XMLSchema"
	 xmlns:xsi="http://www.w3.org/2001/XMLSchema-instance"
	 xsi:noNamespaceSchemaLocation="http://www.weather.gov/view/current_observation.xsd">
	<credit>NOAA's National Weather Service</credit>
	<credit_URL>http://weather.gov/</credit_URL>
	<image>
		<url>http://weather.gov/images/xml_logo.gif</url>
		<title>NOAA's National Weather Service</title>
		<link>http://weather.gov</link>
	</image>
	<suggested_pickup>15 minutes after the hour</suggested_pickup>
	<suggested_pickup_period>60</suggested_pickup_period>
	<location>Unknown Station</location>
	<station_id>SH186</station_id>
	<observation_time>Last Updated on Nov 6 2009, 7:00 pm EST</observation_time>
        <observation_time_rfc822>Fri,  6 Nov 2009 19:00:00 -0500</observation_time_rfc822>
	<temperature_string>39.4 F (4.1 C)</temperature_string>
	<temp_f>39.4</temp_f>
	<temp_c>4.1</temp_c>
	<water_temp_f>39.4</water_temp_f>
	<water_temp_c>4.1</water_temp_c>
	<wind_string>North at 10.3 MPH (8.94 KT)</wind_string>
	<wind_dir>North</wind_dir>
	<wind_mph>10.3</wind_mph>
	<wind_kt>8.94</wind_kt>
	<pressure_string>1027.0 mb</pressure_string>
	<pressure_mb>1027.0</pressure_mb>
	<dewpoint_string>25.2 F (-3.8 C)</dewpoint_string>
	<dewpoint_f>25.2</dewpoint_f>
	<dewpoint_c>-3.8</dewpoint_c>
	<windchill_string>33 F (1 C)</windchill_string>
      	<windchill_f>33</windchill_f>
      	<windchill_c>1</windchill_c>
	<visibility_mi>11.00</visibility_mi>
	<mean_wave_dir>East</mean_wave_dir>
	<mean_wave_degrees></mean_wave_degrees>
	<disclaimer_url>http://weather.gov/disclaimer.html</disclaimer_url>
	<copyright_url>http://weather.gov/disclaimer.html</copyright_url>
	<privacy_policy_url>http://weather.gov/notice.html</privacy_policy_url>
</current_observation>
