<?xml version="1.0" encoding="ISO-8859-1"?> 
<?xml-stylesheet href="latest_ob.xsl" type="text/xsl"?>
<current_observation version="1.0"
	 xmlns:xsd="http://www.w3.org/2001/XMLSchema"
	 xmlns:xsi="http://www.w3.org/2001/XMLSchema-instance"
	 xsi:noNamespaceSchemaLocation="http://www.weather.gov/view/current_observation.xsd">
	<credit>NOAA's National Weather Service</credit>
	<credit_URL>http://weather.gov/</credit_URL>
	<image>
		<url>http://weather.gov/images/xml_logo.gif</url>
		<title>NOAA's National Weather Service</title>
		<link>http://weather.gov</link>
	</image>
	<suggested_pickup>15 minutes after the hour</suggested_pickup>
	<suggested_pickup_period>60</suggested_pickup_period>
	<location>Unknown Station</location>
	<station_id>SH244</station_id>
	<observation_time>Last Updated on Nov 6 2009, 7:00 pm EST</observation_time>
        <observation_time_rfc822>Fri,  6 Nov 2009 19:00:00 -0500</observation_time_rfc822>
	<temperature_string>86.0 F (30.0 C)</temperature_string>
	<temp_f>86.0</temp_f>
	<temp_c>30.0</temp_c>
	<water_temp_f>86.0</water_temp_f>
	<water_temp_c>30.0</water_temp_c>
	<wind_string>North at 11.2 MPH (9.71 KT)</wind_string>
	<wind_dir>North</wind_dir>
	<wind_mph>11.2</wind_mph>
	<wind_kt>9.71</wind_kt>
	<pressure_string>1027.0 mb</pressure_string>
	<pressure_mb>1027.0</pressure_mb>
	<pressure_tendency_mb>-0.9</pressure_tendency_mb>
	<dewpoint_string>75.7 F (24.3 C)</dewpoint_string>
	<dewpoint_f>75.7</dewpoint_f>
	<dewpoint_c>24.3</dewpoint_c>
	<visibility_mi>11.00</visibility_mi>
	<dominant_period_sec>8</dominant_period_sec>
	<mean_wave_dir>East</mean_wave_dir>
	<mean_wave_degrees></mean_wave_degrees>
	<disclaimer_url>http://weather.gov/disclaimer.html</disclaimer_url>
	<copyright_url>http://weather.gov/disclaimer.html</copyright_url>
	<privacy_policy_url>http://weather.gov/notice.html</privacy_policy_url>
</current_observation>
