<?xml version="1.0" encoding="ISO-8859-1"?> 
<?xml-stylesheet href="latest_ob.xsl" type="text/xsl"?>
<current_observation version="1.0"
	 xmlns:xsd="http://www.w3.org/2001/XMLSchema"
	 xmlns:xsi="http://www.w3.org/2001/XMLSchema-instance"
	 xsi:noNamespaceSchemaLocation="http://www.weather.gov/view/current_observation.xsd">
	<credit>NOAA's National Weather Service</credit>
	<credit_URL>http://weather.gov/</credit_URL>
	<image>
		<url>http://weather.gov/images/xml_logo.gif</url>
		<title>NOAA's National Weather Service</title>
		<link>http://weather.gov</link>
	</image>
	<suggested_pickup>15 minutes after the hour</suggested_pickup>
	<suggested_pickup_period>60</suggested_pickup_period>
	<location>Unknown Station</location>
	<station_id>SH285</station_id>
	<observation_time>Last Updated on Nov 6 2009, 7:00 pm EST</observation_time>
        <observation_time_rfc822>Fri,  6 Nov 2009 19:00:00 -0500</observation_time_rfc822>
	<temperature_string>12.9 F (-10.6 C)</temperature_string>
	<temp_f>12.9</temp_f>
	<temp_c>-10.6</temp_c>
	<water_temp_f>12.9</water_temp_f>
	<water_temp_c>-10.6</water_temp_c>
	<wind_string>North at 13.4 MPH (11.66 KT)</wind_string>
	<wind_dir>North</wind_dir>
	<wind_mph>13.4</wind_mph>
	<wind_kt>11.66</wind_kt>
	<pressure_string>1027.0 mb</pressure_string>
	<pressure_mb>1027.0</pressure_mb>
	<pressure_tendency_mb>-0.6</pressure_tendency_mb>
	<dewpoint_string>11.5 F (-11.4 C)</dewpoint_string>
	<dewpoint_f>11.5</dewpoint_f>
	<dewpoint_c>-11.4</dewpoint_c>
	<windchill_string>-2 F (-19 C)</windchill_string>
      	<windchill_f>-2</windchill_f>
      	<windchill_c>-19</windchill_c>
	<visibility_mi>2.00</visibility_mi>
	<mean_wave_dir>East</mean_wave_dir>
	<mean_wave_degrees></mean_wave_degrees>
	<disclaimer_url>http://weather.gov/disclaimer.html</disclaimer_url>
	<copyright_url>http://weather.gov/disclaimer.html</copyright_url>
	<privacy_policy_url>http://weather.gov/notice.html</privacy_policy_url>
</current_observation>
