<?xml version="1.0" encoding="ISO-8859-1"?> 
<?xml-stylesheet href="latest_ob.xsl" type="text/xsl"?>
<current_observation version="1.0"
	 xmlns:xsd="http://www.w3.org/2001/XMLSchema"
	 xmlns:xsi="http://www.w3.org/2001/XMLSchema-instance"
	 xsi:noNamespaceSchemaLocation="http://www.weather.gov/view/current_observation.xsd">
	<credit>NOAA's National Weather Service</credit>
	<credit_URL>http://weather.gov/</credit_URL>
	<image>
		<url>http://weather.gov/images/xml_logo.gif</url>
		<title>NOAA's National Weather Service</title>
		<link>http://weather.gov</link>
	</image>
	<suggested_pickup>15 minutes after the hour</suggested_pickup>
	<suggested_pickup_period>60</suggested_pickup_period>
	<location>Unknown Station</location>
	<station_id>SH298</station_id>
	<observation_time>Last Updated on Nov 6 2009, 7:00 pm EST</observation_time>
        <observation_time_rfc822>Fri,  6 Nov 2009 19:00:00 -0500</observation_time_rfc822>
	<temperature_string>31.1 F (-0.5 C)</temperature_string>
	<temp_f>31.1</temp_f>
	<temp_c>-0.5</temp_c>
	<water_temp_f>31.1</water_temp_f>
	<water_temp_c>-0.5</water_temp_c>
	<wind_string>North at 6.9 MPH (6.02 KT)</wind_string>
	<wind_dir>North</wind_dir>
	<wind_mph>6.9</wind_mph>
	<wind_kt>6.02</wind_kt>
	<pressure_string>1027.0 mb</pressure_string>
	<pressure_mb>1027.0</pressure_mb>
	<pressure_tendency_mb>-0.1</pressure_tendency_mb>
	<dewpoint_string>24.4 F (-4.2 C)</dewpoint_string>
	<dewpoint_f>24.4</dewpoint_f>
	<dewpoint_c>-4.2</dewpoint_c>
	<windchill_string>24 F (-4 C)</windchill_string>
      	<windchill_f>24</windchill_f>
      	<windchill_c>-4</windchill_c>
	<visibility_mi>2.00</visibility_mi>
	<wave_height_m>0.01</wave_height_m>
	<wave_height_ft>0.03</wave_height_ft>
	<dominant_period_sec>3</dominant_period_sec>
	<mean_wave_dir>East</mean_wave_dir>
	<mean_wave_degrees></mean_wave_degrees>
	<disclaimer_url>http://weather.gov/disclaimer.html</disclaimer_url>
	<copyright_url>http://weather.gov/disclaimer.html</copyright_url>
	<privacy_policy_url>http://weather.gov/notice.html</privacy_policy_url>
</current_observation>
