<?xml version="1.0" encoding="ISO-8859-1"?> 
<?xml-stylesheet href="latest_ob.xsl" type="text/xsl"?>
<current_observation version="1.0"
	 xmlns:xsd="http://www.w3.org/2001/XMLSchema"
	 xmlns:xsi="http://www.w3.org/2001/XMLSchema-instance"
	 xsi:noNamespaceSchemaLocation="http://www.weather.gov/view/current_observation.xsd">
	<credit>NOAA's National Weather Service</credit>
	<credit_URL>http://weather.gov/</credit_URL>
	<image>
		<url>http://weather.gov/images/xml_logo.gif</url>
		<title>NOAA's National Weather Service</title>
		<link>http://weather.gov</link>
	</image>
	<suggested_pickup>15 minutes after the hour</suggested_pickup>
	<suggested_pickup_period>60</suggested_pickup_period>
	<location>Salt River Bay, St. Croix, U.S. Virgin Islands</location>
	<station_id>SRBV3</station_id>
	<latitude>17.784</latitude>
	<longitude>-64.762</longitude>
	<observation_time>Last Updated on Nov 7 2009, 1:00 am NST </observation_time>
        <observation_time_rfc822>Sat,  7 Nov 2009 01:00:00 +0000</observation_time_rfc822>
	<temperature_string>83.7 F (28.7 C)</temperature_string>
	<temp_f>83.7</temp_f>
	<temp_c>28.7</temp_c>
	<water_temp_f>84.6</water_temp_f>
	<water_temp_c>29.2</water_temp_c>
	<wind_string>from the East at 11.4 gusting to 15.0 MPH (9.91 gusting to 13.02 KT)</wind_string>
	<wind_dir>East</wind_dir>
	<wind_degrees>90</wind_degrees>
	<wind_mph>11.4</wind_mph>
	<wind_gust_mph>15.0</wind_gust_mph>
	<wind_kt>9.91</wind_kt>
	<wind_gust_kt>13.02</wind_gust_kt>
	<pressure_string>1012.9 mb</pressure_string>
	<pressure_mb>1012.9</pressure_mb>
	<pressure_tendency_mb>1.4</pressure_tendency_mb>
	<dewpoint_string>74.1 F (23.4 C)</dewpoint_string>
	<dewpoint_f>74.1</dewpoint_f>
	<dewpoint_c>23.4</dewpoint_c>
	<mean_wave_dir>East</mean_wave_dir>
	<mean_wave_degrees></mean_wave_degrees>
	<disclaimer_url>http://weather.gov/disclaimer.html</disclaimer_url>
	<copyright_url>http://weather.gov/disclaimer.html</copyright_url>
	<privacy_policy_url>http://weather.gov/notice.html</privacy_policy_url>
</current_observation>
