<?xml version="1.0" encoding="ISO-8859-1"?> 
<?xml-stylesheet href="latest_ob.xsl" type="text/xsl"?>
<current_observation version="1.0"
	 xmlns:xsd="http://www.w3.org/2001/XMLSchema"
	 xmlns:xsi="http://www.w3.org/2001/XMLSchema-instance"
	 xsi:noNamespaceSchemaLocation="http://www.weather.gov/view/current_observation.xsd">
	<credit>NOAA's National Weather Service</credit>
	<credit_URL>http://weather.gov/</credit_URL>
	<image>
		<url>http://weather.gov/images/xml_logo.gif</url>
		<title>NOAA's National Weather Service</title>
		<link>http://weather.gov</link>
	</image>
	<suggested_pickup>15 minutes after the hour</suggested_pickup>
	<suggested_pickup_period>60</suggested_pickup_period>
	<location>Stannard Rock, MI</location>
	<station_id>STDM4</station_id>
	<latitude>47.183</latitude>
	<longitude>-87.225</longitude>
	<observation_time>Last Updated on Nov 6 2009, 9:00 pm EST</observation_time>
        <observation_time_rfc822>Fri,  6 Nov 2009 21:00:00 -0500</observation_time_rfc822>
	<temperature_string>46.2 F (7.9 C)</temperature_string>
	<temp_f>46.2</temp_f>
	<temp_c>7.9</temp_c>
	<wind_string>from the South at 28.9 gusting to 33.3 MPH (25.07 gusting to 28.96 KT)</wind_string>
	<wind_dir>South</wind_dir>
	<wind_degrees>170</wind_degrees>
	<wind_mph>28.9</wind_mph>
	<wind_gust_mph>33.3</wind_gust_mph>
	<wind_kt>25.07</wind_kt>
	<wind_gust_kt>28.96</wind_gust_kt>
	<pressure_string>1006.6 mb</pressure_string>
	<pressure_mb>1006.6</pressure_mb>
	<pressure_tendency_mb>-0.6</pressure_tendency_mb>
	<dewpoint_string>41.4 F (5.2 C)</dewpoint_string>
	<dewpoint_f>41.4</dewpoint_f>
	<dewpoint_c>5.2</dewpoint_c>
	<windchill_string>37 F (3 C)</windchill_string>
      	<windchill_f>37</windchill_f>
      	<windchill_c>3</windchill_c>
	<mean_wave_dir>East</mean_wave_dir>
	<mean_wave_degrees></mean_wave_degrees>
	<disclaimer_url>http://weather.gov/disclaimer.html</disclaimer_url>
	<copyright_url>http://weather.gov/disclaimer.html</copyright_url>
	<privacy_policy_url>http://weather.gov/notice.html</privacy_policy_url>
</current_observation>
