<?xml version="1.0" encoding="ISO-8859-1"?> 
<?xml-stylesheet href="latest_ob.xsl" type="text/xsl"?>
<current_observation version="1.0"
	 xmlns:xsd="http://www.w3.org/2001/XMLSchema"
	 xmlns:xsi="http://www.w3.org/2001/XMLSchema-instance"
	 xsi:noNamespaceSchemaLocation="http://www.weather.gov/view/current_observation.xsd">
	<credit>NOAA's National Weather Service</credit>
	<credit_URL>http://weather.gov/</credit_URL>
	<image>
		<url>http://weather.gov/images/xml_logo.gif</url>
		<title>NOAA's National Weather Service</title>
		<link>http://weather.gov</link>
	</image>
	<suggested_pickup>15 minutes after the hour</suggested_pickup>
	<suggested_pickup_period>60</suggested_pickup_period>
	<location>Superior Shoals, NY</location>
	<station_id>SUPN6</station_id>
	<latitude>44.467</latitude>
	<longitude>-75.8</longitude>
	<observation_time>Last Updated on Nov 6 2009, 9:00 pm EST</observation_time>
        <observation_time_rfc822>Fri,  6 Nov 2009 21:00:00 -0500</observation_time_rfc822>
	<temperature_string>32.2 F (0.1 C)</temperature_string>
	<temp_f>32.2</temp_f>
	<temp_c>0.1</temp_c>
	<water_temp_f>50.5</water_temp_f>
	<water_temp_c>10.3</water_temp_c>
	<wind_string>from the East at 4.7 gusting to 5.8 MPH (4.08 gusting to 5.05 KT)</wind_string>
	<wind_dir>East</wind_dir>
	<wind_degrees>90</wind_degrees>
	<wind_mph>4.7</wind_mph>
	<wind_gust_mph>5.8</wind_gust_mph>
	<wind_kt>4.08</wind_kt>
	<wind_gust_kt>5.05</wind_gust_kt>
	<pressure_string>1025.8 mb</pressure_string>
	<pressure_mb>1025.8</pressure_mb>
	<pressure_tendency_mb>-0.7</pressure_tendency_mb>
	<dewpoint_string>26.2 F (-3.2 C)</dewpoint_string>
	<dewpoint_f>26.2</dewpoint_f>
	<dewpoint_c>-3.2</dewpoint_c>
	<windchill_string>28 F (-2 C)</windchill_string>
      	<windchill_f>28</windchill_f>
      	<windchill_c>-2</windchill_c>
	<mean_wave_dir>East</mean_wave_dir>
	<mean_wave_degrees></mean_wave_degrees>
	<disclaimer_url>http://weather.gov/disclaimer.html</disclaimer_url>
	<copyright_url>http://weather.gov/disclaimer.html</copyright_url>
	<privacy_policy_url>http://weather.gov/notice.html</privacy_policy_url>
</current_observation>
