<?xml version="1.0" encoding="ISO-8859-1"?> 
<?xml-stylesheet href="latest_ob.xsl" type="text/xsl"?>
<current_observation version="1.0"
	 xmlns:xsd="http://www.w3.org/2001/XMLSchema"
	 xmlns:xsi="http://www.w3.org/2001/XMLSchema-instance"
	 xsi:noNamespaceSchemaLocation="http://www.weather.gov/view/current_observation.xsd">
	<credit>NOAA's National Weather Service</credit>
	<credit_URL>http://weather.gov/</credit_URL>
	<image>
		<url>http://weather.gov/images/xml_logo.gif</url>
		<title>NOAA's National Weather Service</title>
		<link>http://weather.gov</link>
	</image>
	<suggested_pickup>15 minutes after the hour</suggested_pickup>
	<suggested_pickup_period>60</suggested_pickup_period>
	<location>8573364 - Tolchester Beach, MD</location>
	<station_id>TCBM2</station_id>
	<latitude>39.213</latitude>
	<longitude>-76.245</longitude>
	<observation_time>Last Updated on Nov 6 2009, 9:06 pm EST</observation_time>
        <observation_time_rfc822>Fri,  6 Nov 2009 21:06:00 -0500</observation_time_rfc822>
	<temperature_string>37.8 F (3.2 C)</temperature_string>
	<temp_f>37.8</temp_f>
	<temp_c>3.2</temp_c>
	<water_temp_f>54.3</water_temp_f>
	<water_temp_c>12.4</water_temp_c>
	<wind_string>from the East at 3.3 gusting to 4.7 MPH (2.91 gusting to 4.08 KT)</wind_string>
	<wind_dir>East</wind_dir>
	<wind_degrees>100</wind_degrees>
	<wind_mph>3.3</wind_mph>
	<wind_gust_mph>4.7</wind_gust_mph>
	<wind_kt>2.91</wind_kt>
	<wind_gust_kt>4.08</wind_gust_kt>
	<pressure_string>1026.8 mb</pressure_string>
	<pressure_mb>1026.8</pressure_mb>
	<mean_wave_dir>East</mean_wave_dir>
	<mean_wave_degrees></mean_wave_degrees>
	<disclaimer_url>http://weather.gov/disclaimer.html</disclaimer_url>
	<copyright_url>http://weather.gov/disclaimer.html</copyright_url>
	<privacy_policy_url>http://weather.gov/notice.html</privacy_policy_url>
</current_observation>
