<?xml version="1.0" encoding="ISO-8859-1"?> 
<?xml-stylesheet href="latest_ob.xsl" type="text/xsl"?>
<current_observation version="1.0"
	 xmlns:xsd="http://www.w3.org/2001/XMLSchema"
	 xmlns:xsi="http://www.w3.org/2001/XMLSchema-instance"
	 xsi:noNamespaceSchemaLocation="http://www.weather.gov/view/current_observation.xsd">
	<credit>NOAA's National Weather Service</credit>
	<credit_URL>http://weather.gov/</credit_URL>
	<image>
		<url>http://weather.gov/images/xml_logo.gif</url>
		<title>NOAA's National Weather Service</title>
		<link>http://weather.gov</link>
	</image>
	<suggested_pickup>15 minutes after the hour</suggested_pickup>
	<suggested_pickup_period>60</suggested_pickup_period>
	<location>9446484 - Tacoma, WA</location>
	<station_id>TCNW1</station_id>
	<latitude>47.267</latitude>
	<longitude>-122.413</longitude>
	<observation_time>Last Updated on Nov 6 2009, 6:12 pm PST</observation_time>
        <observation_time_rfc822>Fri,  6 Nov 2009 18:12:00 -0800</observation_time_rfc822>
	<water_temp_f>51.8</water_temp_f>
	<water_temp_c>11.0</water_temp_c>
	<pressure_string>1011.4 mb</pressure_string>
	<pressure_mb>1011.4</pressure_mb>
	<mean_wave_dir>East</mean_wave_dir>
	<mean_wave_degrees></mean_wave_degrees>
	<disclaimer_url>http://weather.gov/disclaimer.html</disclaimer_url>
	<copyright_url>http://weather.gov/disclaimer.html</copyright_url>
	<privacy_policy_url>http://weather.gov/notice.html</privacy_policy_url>
</current_observation>
