<?xml version="1.0" encoding="ISO-8859-1"?> 
<current_observation version="1.0"
	 xmlns:xsd="http://www.w3.org/2001/XMLSchema"
	 xmlns:xsi="http://www.w3.org/2001/XMLSchema-instance"
	 xsi:noNamespaceSchemaLocation="http://www.weather.gov/xml/current_obs/current_observation.xsd">
	<credit>NOAA's National Weather Service</credit>
	<credit_URL>http://weather.gov/</credit_URL>
	<image>
		<url>http://weather.gov/images/xml_logo.gif</url>
		<title>NOAA's National Weather Service</title>
		<link>http://weather.gov</link>
	</image>
	<suggested_pickup>15 minutes after the hour</suggested_pickup>
	<suggested_pickup_period>60</suggested_pickup_period>
	<location>Oneonta Slough, Tijuana River Reserve, CA</location>
	<station_id>TIQC1</station_id>
        <latitude>32.568</latitude>
        <longitude>-117.131</longitude>
	<observation_time>Last Updated on Jun 3, 2:00 pm AST</observation_time>
	<observation_time_rfc822>Wed,  3 Jun 2009 14:00:00 -0400 AST</observation_time_rfc822>
        <weather>NA</weather>
        <temperature_string>86 F (30 C)</temperature_string>
        <temp_f>86</temp_f>
        <temp_c>30</temp_c>
        <relative_humidity>NA</relative_humidity>
        <wind_string>NA</wind_string>
        <wind_dir>Southeast</wind_dir>
        <wind_degrees>120</wind_degrees>
        <wind_mph>17.25</wind_mph>
        <wind_gust_mph>NA</wind_gust_mph>
        <pressure_string>NA</pressure_string>
        <pressure_mb>NA</pressure_mb>
        <pressure_in>NA</pressure_in>
        <dewpoint_string>77 F (25 C)</dewpoint_string>
        <dewpoint_f>77</dewpoint_f>
        <dewpoint_c>25</dewpoint_c> 
      	<heat_index_string>97 F (36 C)</heat_index_string>
      	<heat_index_f>97</heat_index_f>
      	<heat_index_c>36</heat_index_c>
        <windchill_string>NA</windchill_string>
        <windchill_f>NA</windchill_f>
        <windchill_c>NA</windchill_c>
        <visibility_mi>NA</visibility_mi>
 	<icon_url_base>http://weather.gov/weather/images/fcicons/</icon_url_base>	
	<icon_url_name>sct.jpg</icon_url_name>
	<two_day_history_url>http://www.weather.gov/data/obhistory/TIQC1.html</two_day_history_url>
	<ob_url>http://www.nws.noaa.gov/data/METAR/TIQC1.1.txt</ob_url>
	<disclaimer_url>http://weather.gov/disclaimer.html</disclaimer_url>
	<copyright_url>http://weather.gov/disclaimer.html</copyright_url>
	<privacy_policy_url>http://weather.gov/notice.html</privacy_policy_url>
</current_observation>
	