<?xml version="1.0" encoding="ISO-8859-1"?> 
<?xml-stylesheet href="latest_ob.xsl" type="text/xsl"?>
<current_observation version="1.0"
	 xmlns:xsd="http://www.w3.org/2001/XMLSchema"
	 xmlns:xsi="http://www.w3.org/2001/XMLSchema-instance"
	 xsi:noNamespaceSchemaLocation="http://www.weather.gov/view/current_observation.xsd">
	<credit>NOAA's National Weather Service</credit>
	<credit_URL>http://weather.gov/</credit_URL>
	<image>
		<url>http://weather.gov/images/xml_logo.gif</url>
		<title>NOAA's National Weather Service</title>
		<link>http://weather.gov</link>
	</image>
	<suggested_pickup>15 minutes after the hour</suggested_pickup>
	<suggested_pickup_period>60</suggested_pickup_period>
	<location>Aquadilla (Boriquen), PR</location>
	<station_id>TJBQ</station_id>
	<latitude>18.5</latitude>
	<longitude>-67.13</longitude>
	<observation_time>Last Updated on Nov 6 2009, 10:50 pm AST</observation_time>
        <observation_time_rfc822>Fri,  6 Nov 2009 22:50:00 -0400</observation_time_rfc822>
	<weather>Clear</weather>
	<temperature_string>75.0 F (24.0 C)</temperature_string>
	<temp_f>75.0</temp_f>
	<temp_c>24.0</temp_c>
	<relative_humidity>89</relative_humidity>
	<wind_string>Southeast at 5.8 MPH (5 KT)</wind_string>
	<wind_dir>Southeast</wind_dir>
	<wind_degrees>120</wind_degrees>
	<wind_mph>5.8</wind_mph>
	<wind_kt>5</wind_kt>
	<pressure_in>29.95</pressure_in>
	<dewpoint_string>71.6 F (22.0 C)</dewpoint_string>
	<dewpoint_f>71.6</dewpoint_f>
	<dewpoint_c>22.0</dewpoint_c>
	<visibility_mi>10.00</visibility_mi>
 	<icon_url_base>http://weather.gov/weather/images/fcicons/</icon_url_base>
	<two_day_history_url>http://www.weather.gov/data/obhistory/TJBQ.html</two_day_history_url>
	<icon_url_name>nskc.jpg</icon_url_name>
	<ob_url>http://www.nws.noaa.gov/data/METAR/TJBQ.1.txt</ob_url>
	<disclaimer_url>http://weather.gov/disclaimer.html</disclaimer_url>
	<copyright_url>http://weather.gov/disclaimer.html</copyright_url>
	<privacy_policy_url>http://weather.gov/notice.html</privacy_policy_url>
</current_observation>
