<?xml version="1.0" encoding="ISO-8859-1"?> 
<?xml-stylesheet href="latest_ob.xsl" type="text/xsl"?>
<current_observation version="1.0"
	 xmlns:xsd="http://www.w3.org/2001/XMLSchema"
	 xmlns:xsi="http://www.w3.org/2001/XMLSchema-instance"
	 xsi:noNamespaceSchemaLocation="http://www.weather.gov/view/current_observation.xsd">
	<credit>NOAA's National Weather Service</credit>
	<credit_URL>http://weather.gov/</credit_URL>
	<image>
		<url>http://weather.gov/images/xml_logo.gif</url>
		<title>NOAA's National Weather Service</title>
		<link>http://weather.gov</link>
	</image>
	<suggested_pickup>15 minutes after the hour</suggested_pickup>
	<suggested_pickup_period>60</suggested_pickup_period>
	<location>Weeks Bay Reserve, AL</location>
	<station_id>WKXA1</station_id>
	<latitude>30.415</latitude>
	<longitude>-87.826</longitude>
	<observation_time>Last Updated on Nov 6 2009, 5:00 pm CST</observation_time>
        <observation_time_rfc822>Fri,  6 Nov 2009 17:00:00 -0600</observation_time_rfc822>
	<temperature_string>53.6 F (12.0 C)</temperature_string>
	<temp_f>53.6</temp_f>
	<temp_c>12.0</temp_c>
	<wind_string>Calm</wind_string>
	<wind_dir>North</wind_dir>
	<wind_mph>0.0</wind_mph>
	<pressure_string>1023.0 mb</pressure_string>
	<pressure_mb>1023.0</pressure_mb>
	<pressure_tendency_mb>0.0</pressure_tendency_mb>
	<dewpoint_string>53.1 F (11.7 C)</dewpoint_string>
	<dewpoint_f>53.1</dewpoint_f>
	<dewpoint_c>11.7</dewpoint_c>
	<mean_wave_dir>East</mean_wave_dir>
	<mean_wave_degrees></mean_wave_degrees>
	<disclaimer_url>http://weather.gov/disclaimer.html</disclaimer_url>
	<copyright_url>http://weather.gov/disclaimer.html</copyright_url>
	<privacy_policy_url>http://weather.gov/notice.html</privacy_policy_url>
</current_observation>
